ëŒäOãyÇ—ëŒì‡èÿåîîÑîÉå_ñÒìôÇÃèÛãµÅiåéï êÑà⁄Åj,,,,,,,,,,,ç≈èIçXêVì˙  óﬂòa8îN9åé8ì˙,,,,,,,,,,,,,,,
International Transactions in Securities(Monthly; based on reports from designated major investors),,,,,,,,,,,"Final Update  September 8, 2026",,,,,,,,,,,,,,,
,,,,,,,,,,,,,,,,,,,,,,,,,,
,,,,,,,,,,,,,,,,,,,,,,,,,ÅiíPà ÅFâ≠â~Åj,
,,,,,,,,,,,,,,,,,,,,,,,,,(Unit: 100 mil Yen),
ëŒäOèÿåîìäéëÅyãèèZé“Ç…ÇÊÇÈéÊìæÅEèàï™Åz,,,,,,,,,,,,,,ëŒì‡èÿåîìäéëÅyîÒãèèZé“Ç…ÇÊÇÈéÊìæÅEèàï™Åz,,,,,,,,,,,è¨åv,çáåv
Portfolio Investment Assets,,,,,,,,,,,,,,Portfolio Investment Liabilities,,,,,,,,,,,Subtotal,Total
,,,äîéÆÅEìäéëÉtÉ@ÉìÉhéùï™,,,íÜÅ@í∑Å@ä˙Å@ç¬,,,è¨åv,íZÅ@Å@ä˙Å@Å@ç¬,,,çáåv,äîéÆÅEìäéëÉtÉ@ÉìÉhéùï™,,,íÜÅ@í∑Å@ä˙Å@ç¬,,,è¨åv,íZÅ@Å@ä˙Å@Å@ç¬,,,çáåv,ÉlÉbÉg,ÉlÉbÉg
,,,Equity and investment fund shares,,,Long-term debt securities,,,Subtotal,Short-term debt securities,,,Total,Equity and investment fund shares,,,Long-term debt securities,,,Subtotal,Short-term debt securities,,,Total,Net,Net
,,,éÊìæ,èàï™,ÉlÉbÉg,éÊìæ,èàï™,ÉlÉbÉg,ÉlÉbÉg,éÊìæ,èàï™,ÉlÉbÉg,ÉlÉbÉg,éÊìæ,èàï™,ÉlÉbÉg,éÊìæ,èàï™,ÉlÉbÉg,ÉlÉbÉg,éÊìæ,èàï™,ÉlÉbÉg,ÉlÉbÉg,ÅiA-B),(C-D)
,,,Acquisition,Disposition,Net,Acquisition,Disposition,Net,Net (A),Acquisition,Disposition,Net,Net (C),Acquisition,Disposition,Net,Acquisition,Disposition,Net,Net (B),Acquisition,Disposition,Net,Net (D),,
2005,ÇPåé,Jan,"9,934","8,428","1,506","89,060","83,172","5,888","7,394","8,289","9,042",-753,"6,641","89,346","80,593","8,753","70,315","51,964","18,351","27,103","37,860","29,116","8,744","35,847","-19,709","-29,206"
(ïΩê¨17îN)Å@,ÇQåé,Feb,"12,092","12,401",-308,"88,691","95,167","-6,475","-6,784","5,523","6,528","-1,005","-7,789","99,562","89,213","10,349","70,273","68,223","2,050","12,400","19,427","28,592","-9,166","3,234","-19,183","-11,023"
,ÇRåé,Mar,"12,483","11,896",587,"84,008","91,685","-7,678","-7,091","6,985","8,129","-1,144","-8,235","127,179","118,322","8,857","77,109","76,972",138,"8,995","20,312","28,971","-8,658",336,"-16,085","-8,571"
,ÇSåé,Apr,"13,464","11,478","1,986","128,043","88,016","40,027","42,013","7,643","7,320",322,"42,336","101,866","100,469","1,397","60,548","41,302","19,246","20,643","31,770","25,496","6,274","26,917","21,371","15,419"
,ÇTåé,May,"14,459","11,922","2,537","121,868","95,608","26,260","28,798","7,388","6,011","1,377","30,175","96,516","94,448","2,068","74,438","53,250","21,188","23,256","23,331","23,591",-260,"22,996","5,542","7,178"
,ÇUåé,Jun,"12,011","12,314",-303,"154,976","145,429","9,547","9,245","7,624","8,409",-785,"8,459","104,082","101,447","2,635","84,750","79,798","4,952","7,587","22,844","25,887","-3,043","4,544","1,658","3,916"
,ÇVåé,Jul,"13,364","14,240",-877,"89,507","69,572","19,935","19,058","7,668","7,773",-104,"18,954","102,548","88,814","13,733","52,363","58,765","-6,402","7,331","19,410","15,037","4,373","11,704","11,727","7,250"
,ÇWåé,Aug,"13,629","12,764",865,"92,134","83,812","8,322","9,187","7,235","7,963",-728,"8,459","161,519","140,493","21,027","77,296","81,088","-3,792","17,235","27,432","27,431",1,"17,235","-8,048","-8,776"
,ÇXåé,Sep,"13,004","10,907","2,097","101,516","92,214","9,302","11,399","6,702","9,138","-2,436","8,963","177,223","160,531","16,692","84,368","84,742",-374,"16,318","16,081","25,284","-9,203","7,116","-4,919","1,847"
,10åé,Oct,"14,681","11,333","3,348","98,873","63,847","35,026","38,374","7,345","7,341",4,"38,378","183,579","173,122","10,457","71,433","71,775",-342,"10,114","21,251","24,841","-3,590","6,524","28,260","31,854"
,11åé,Nov,"16,971","14,957","2,015","76,572","72,239","4,332","6,347","6,111","6,065",46,"6,393","206,141","189,717","16,424","77,681","68,055","9,626","26,049","41,597","25,091","16,506","42,555","-19,702","-36,162"
,12åé,Dec,"11,713","10,231","1,483","77,818","63,781","14,036","15,519","6,048","7,584","-1,536","13,983","225,613","211,764","13,850","73,201","75,517","-2,316","11,534","23,162","24,294","-1,132","10,402","3,985","3,581"
2006,ÇPåé,Jan,"14,062","13,253",809,"82,299","88,113","-5,814","-5,004","7,871","7,540",331,"-4,674","242,544","229,417","13,128","82,355","66,565","15,790","28,917","26,051","23,004","3,046","31,964","-33,922","-36,638"
(ïΩê¨18îN),ÇQåé,Feb,"13,456","13,411",45,"79,121","82,979","-3,858","-3,813","7,338","6,764",575,"-3,239","244,879","238,035","6,844","83,681","92,274","-8,593","-1,749","23,315","26,099","-2,784","-4,533","-2,065","1,294"
,ÇRåé,Mar,"17,867","17,690",177,"81,077","104,341","-23,264","-23,088","8,434","9,170",-736,"-23,823","227,221","212,350","14,870","119,420","118,249","1,171","16,042","31,592","30,968",624,"16,666","-39,129","-40,489"
,ÇSåé,Apr,"16,762","12,629","4,133","98,227","86,719","11,508","15,641","7,593","9,696","-2,103","13,538","206,802","203,381","3,421","84,929","83,604","1,325","4,746","33,811","28,607","5,203","9,949","10,895","3,588"
,ÇTåé,May,"17,561","14,383","3,178","78,246","66,490","11,757","14,935","6,851","7,572",-721,"14,214","235,844","240,883","-5,039","96,616","70,390","26,226","21,187","60,948","37,381","23,567","44,754","-6,253","-30,540"
,ÇUåé,Jun,"12,683","12,129",554,"71,172","63,752","7,420","7,974","7,529","9,434","-1,905","6,069","239,243","241,019","-1,776","93,205","90,436","2,769",993,"60,767","50,395","10,373","11,365","6,981","-5,296"
,ÇVåé,Jul,"10,290","10,195",95,"70,643","63,156","7,487","7,582","9,620","7,508","2,112","9,694","191,916","189,643","2,273","61,814","73,150","-11,336","-9,063","39,216","38,338",878,"-8,185","16,645","17,879"
,ÇWåé,Aug,"13,190","10,910","2,280","118,694","95,785","22,908","25,188","8,025","8,764",-739,"24,449","205,854","198,637","7,217","79,639","74,620","5,019","12,236","51,128","47,168","3,960","16,196","12,951","8,253"
,ÇXåé,Sep,"12,025","11,757",268,"95,738","102,963","-7,225","-6,957","7,843","8,013",-170,"-7,127","200,290","193,790","6,500","83,348","79,493","3,855","10,355","24,285","36,087","-11,802","-1,448","-17,312","-5,680"
,10åé,Oct,"15,443","15,538",-95,"86,309","65,712","20,597","20,502","8,091","8,981",-891,"19,611","237,653","227,157","10,496","75,775","72,265","3,510","14,006","34,213","42,010","-7,797","6,209","6,496","13,402"
,11åé,Nov,"20,326","18,497","1,829","79,734","70,879","8,854","10,683","7,056","8,339","-1,284","9,399","229,768","223,495","6,273","93,914","76,005","17,909","24,182","52,913","38,842","14,072","38,254","-13,499","-28,855"
,12åé,Dec,"15,754","13,994","1,760","79,868","78,458","1,410","3,170","7,985","10,070","-2,085","1,085","209,439","192,665","16,774","80,806","73,482","7,324","24,098","30,012","33,717","-3,706","20,392","-20,928","-19,307"
2007,ÇPåé,Jan,"17,460","21,582","-4,122","66,635","66,468",167,"-3,954","6,471","6,583",-112,"-4,066","240,307","223,808","16,499","95,017","75,636","19,381","35,880","24,010","22,136","1,873","37,753","-39,834","-41,820"
(ïΩê¨19îN),ÇQåé,Feb,"20,956","16,990","3,967","66,984","85,885","-18,902","-14,935","5,489","5,935",-445,"-15,380","289,822","269,523","20,299","81,553","62,245","19,308","39,607","31,550","39,699","-8,149","31,458","-54,542","-46,838"
,ÇRåé,Mar,"20,925","18,106","2,818","89,119","93,688","-4,568","-1,750","10,510","9,329","1,181",-568,"308,193","310,280","-2,087","96,651","91,808","4,842","2,756","31,270","34,646","-3,377",-621,"-4,506",52
,ÇSåé,Apr,"19,067","18,956",111,"85,105","72,425","12,680","12,791","9,336","11,255","-1,919","10,872","261,920","253,113","8,807","69,899","63,616","6,283","15,090","22,010","36,654","-14,644",446,"-2,299","10,427"
,ÇTåé,May,"22,756","20,396","2,360","84,861","77,934","6,927","9,287","8,482","9,680","-1,198","8,089","291,770","281,133","10,638","82,926","71,735","11,192","21,829","30,865","23,278","7,587","29,417","-12,543","-21,327"
,ÇUåé,Jun,"24,426","25,306",-880,"106,483","114,523","-8,040","-8,919","8,549","9,493",-944,"-9,863","288,829","277,428","11,401","111,634","122,948","-11,314",88,"28,826","30,770","-1,944","-1,856","-9,007","-8,007"
,ÇVåé,Jul,"21,393","24,126","-2,733","114,391","120,989","-6,598","-9,332","9,618","8,971",646,"-8,685","278,830","271,579","7,251","99,512","97,825","1,687","8,938","30,290","34,250","-3,959","4,979","-18,270","-13,664"
,ÇWåé,Aug,"22,223","21,688",535,"159,418","166,322","-6,904","-6,369","10,583","10,075",508,"-5,861","373,586","386,295","-12,709","154,218","116,133","38,085","25,376","62,744","43,639","19,105","44,481","-31,744","-50,342"
,ÇXåé,Sep,"21,054","20,313",741,"151,016","117,982","33,034","33,775","10,188","11,152",-965,"32,810","225,977","231,780","-5,803","74,923","81,401","-6,478","-12,281","53,026","31,009","22,016","9,736","46,056","23,075"
,10åé,Oct,"24,135","25,086",-952,"127,708","99,382","28,325","27,374","14,488","12,766","1,722","29,096","293,734","289,910","3,824","90,101","76,154","13,947","17,771","32,213","42,606","-10,393","7,378","9,603","21,718"
,11åé,Nov,"26,679","26,796",-117,"171,503","166,156","5,346","5,230","14,220","13,047","1,174","6,403","300,455","309,897","-9,441","98,798","87,103","11,695","2,254","79,433","35,308","44,124","46,378","2,976","-39,975"
,12åé,Dec,"18,033","18,184",-151,"90,473","78,955","11,518","11,367","6,116","8,961","-2,845","8,523","218,224","225,483","-7,259","67,888","76,576","-8,688","-15,947","91,260","50,154","41,106","25,159","27,314","-16,636"
2008,ÇPåé,Jan,"28,245","21,614","6,631","162,691","137,458","25,233","31,863","8,031","7,048",983,"32,846","290,219","304,797","-14,579","93,345","87,250","6,095","-8,483","72,195","86,792","-14,597","-23,081","40,347","55,927"
(ïΩê¨20îN),ÇQåé,Feb,"22,802","17,489","5,313","131,939","122,494","9,445","14,758","11,558","10,038","1,520","16,278","265,178","266,240","-1,063","71,378","76,786","-5,408","-6,470","85,148","76,117","9,030","2,560","21,229","13,719"
,ÇRåé,Mar,"19,780","17,031","2,749","132,144","122,243","9,900","12,649","7,975","10,688","-2,713","9,937","241,494","258,679","-17,184","134,126","146,181","-12,055","-29,240","93,308","90,569","2,739","-26,501","41,889","36,438"
,ÇSåé,Apr,"21,297","19,673","1,624","110,003","117,615","-7,613","-5,989","7,709","8,381",-672,"-6,661","238,396","226,553","11,843","92,564","90,913","1,651","13,494","120,286","101,093","19,193","32,687","-19,483","-39,348"
,ÇTåé,May,"20,940","19,713","1,227","83,276","62,994","20,283","21,510","8,482","7,049","1,432","22,942","240,792","231,770","9,022","60,731","67,765","-7,034","1,988","106,603","74,465","32,138","34,126","19,522","-11,184"
,ÇUåé,Jun,"17,141","16,226",915,"106,676","98,697","7,980","8,894","6,394","5,754",640,"9,534","234,941","234,493",448,"74,964","83,358","-8,394","-7,946","117,065","104,210","12,855","4,909","16,840","4,625"
,ÇVåé,Jul,"20,692","17,936","2,756","111,931","112,220",-289,"2,467","8,612","8,267",345,"2,813","233,046","244,080","-11,033","60,459","44,521","15,938","4,904","125,643","109,575","16,067","20,971","-2,437","-18,159"
,ÇWåé,Aug,"15,811","17,251","-1,439","119,741","138,367","-18,626","-20,065","10,673","8,250","2,423","-17,642","201,516","205,453","-3,936","70,891","43,228","27,663","23,726","85,183","89,768","-4,585","19,141","-43,792","-36,784"
,ÇXåé,Sep,"20,190","18,767","1,422","144,003","143,926",77,"1,500","8,815","11,366","-2,551","-1,051","220,001","231,390","-11,389","87,748","93,952","-6,205","-17,593","91,772","104,534","-12,762","-30,355","19,093","29,304"
,10åé,Oct,"31,118","18,967","12,151","170,387","168,238","2,149","14,300","5,623","6,130",-507,"13,793","228,892","242,093","-13,201","66,951","93,562","-26,612","-39,813","113,147","111,283","1,864","-37,949","54,113","51,742"
,11åé,Nov,"28,044","13,622","14,422","138,597","132,529","6,068","20,490","4,910","4,397",513,"21,003","133,090","146,481","-13,390","35,899","52,696","-16,797","-30,187","86,312","91,204","-4,892","-35,079","50,677","56,082"
,12åé,Dec,"22,362","8,946","13,416","137,541","139,909","-2,368","11,048","5,841","4,962",879,"11,926","112,800","122,123","-9,323","46,692","52,809","-6,117","-15,440","63,279","105,673","-42,394","-57,834","26,487","69,760"
2009,ÇPåé,Jan,"20,399","9,901","10,498","107,376","94,641","12,735","23,233","5,990","3,592","2,398","25,632","100,078","111,109","-11,031","39,602","43,921","-4,319","-15,350","74,491","78,484","-3,993","-19,342","38,583","44,974"
(ïΩê¨21îN),ÇQåé,Feb,"18,499","10,981","7,518","112,152","76,561","35,591","43,109","6,525","2,579","3,947","47,056","99,262","110,211","-10,949","36,029","37,521","-1,492","-12,441","93,465","72,389","21,076","8,636","55,549","38,420"
,ÇRåé,Mar,"20,039","12,727","7,312","94,501","83,295","11,206","18,518","5,475","5,808",-333,"18,186","122,037","140,872","-18,835","50,216","54,177","-3,961","-22,797","81,754","98,853","-17,098","-39,895","41,315","58,081"
,ÇSåé,Apr,"15,797","14,533","1,265","108,672","104,920","3,752","5,017","4,512","5,716","-1,204","3,813","133,608","129,452","4,157","30,268","36,344","-6,075","-1,919","98,032","91,592","6,440","4,521","6,935",-708
,ÇTåé,May,"18,312","16,282","2,030","94,806","76,320","18,486","20,516","6,854","6,029",825,"21,342","115,992","110,167","5,825","34,827","44,227","-9,399","-3,575","86,995","85,043","1,952","-1,623","24,091","22,964"
,ÇUåé,Jun,"17,847","14,598","3,249","110,280","83,908","26,372","29,621","6,110","7,027",-916,"28,705","144,007","141,397","2,610","52,877","60,254","-7,377","-4,766","98,845","114,352","-15,508","-20,274","34,387","48,979"
,ÇVåé,Jul,"17,312","14,678","2,634","98,773","94,326","4,447","7,081","4,080","4,770",-691,"6,390","134,242","125,502","8,740","39,808","45,322","-5,514","3,226","123,112","113,458","9,654","12,879","3,855","-6,489"
,ÇWåé,Aug,"15,675","16,379",-704,"92,464","86,425","6,039","5,335","5,900","5,213",687,"6,021","124,626","119,279","5,347","35,858","31,972","3,886","9,233","108,037","118,854","-10,817","-1,585","-3,898","7,606"
,ÇXåé,Sep,"17,289","15,388","1,901","101,219","92,613","8,607","10,508","7,575","6,252","1,323","11,831","116,890","118,209","-1,319","43,953","62,655","-18,703","-20,021","97,349","107,319","-9,970","-29,991","30,529","41,821"
,10åé,Oct,"19,476","20,281",-805,"109,613","124,529","-14,917","-15,721","6,684","4,399","2,285","-13,437","128,391","123,075","5,316","49,101","53,140","-4,039","1,277","118,712","108,649","10,064","11,340","-16,998","-24,777"
,11åé,Nov,"15,535","16,571","-1,036","117,046","104,123","12,924","11,887","5,039","3,250","1,789","13,676","110,434","110,704",-269,"42,454","44,843","-2,389","-2,658","107,001","119,691","-12,690","-15,349","14,546","29,025"
,12åé,Dec,"17,050","16,052",998,"99,095","102,681","-3,586","-2,589","4,155","4,978",-823,"-3,412","124,409","113,718","10,692","49,211","59,728","-10,517",174,"113,931","122,645","-8,713","-8,539","-2,763","5,127"
2010,ÇPåé,Jan,"17,129","18,065",-936,"89,576","81,320","8,256","7,320","4,006","5,386","-1,381","5,940","141,485","126,052","15,433","41,694","49,903","-8,210","7,224","108,969","93,444","15,525","22,749",97,"-16,809"
(ïΩê¨22îN),ÇQåé,Feb,"16,256","12,999","3,256","98,222","90,161","8,062","11,318","3,314","3,048",266,"11,584","118,905","116,298","2,608","45,168","38,812","6,356","8,964","95,583","92,258","3,325","12,289","2,354",-704
,ÇRåé,Mar,"19,197","18,532",665,"120,054","107,262","12,792","13,457","5,914","5,747",167,"13,624","136,962","135,578","1,385","61,886","72,664","-10,777","-9,393","110,092","144,472","-34,380","-43,773","22,849","57,397"
,ÇSåé,Apr,"20,408","22,063","-1,654","141,348","136,258","5,090","3,435","4,560","3,926",634,"4,070","160,433","152,369","8,064","66,479","54,154","12,325","20,389","115,384","107,841","7,543","27,932","-16,954","-23,862"
,ÇTåé,May,"23,062","15,639","7,423","158,986","143,940","15,046","22,469","5,230","4,527",703,"23,173","167,738","177,286","-9,548","61,865","62,549",-684,"-10,232","129,999","87,052","42,947","32,715","32,701","-9,542"
,ÇUåé,Jun,"17,265","13,822","3,443","143,189","107,780","35,409","38,852","5,485","6,435",-950,"37,902","147,756","159,606","-11,850","62,526","65,932","-3,406","-15,256","91,244","96,449","-5,205","-20,461","54,108","58,363"
,ÇVåé,Jul,"16,138","13,290","2,848","141,605","94,745","46,860","49,708","6,173","5,030","1,142","50,850","135,252","133,282","1,970","56,624","49,152","7,472","9,441","116,363","102,209","14,154","23,595","40,267","27,255"
,ÇWåé,Aug,"17,951","15,327","2,624","185,448","136,068","49,379","52,003","4,892","3,611","1,281","53,284","131,301","132,351","-1,050","58,492","54,799","3,692","2,642","112,336","115,756","-3,419",-777,"49,361","54,061"
,ÇXåé,Sep,"14,068","15,490","-1,422","151,469","122,939","28,530","27,108","5,894","6,846",-952,"26,155","141,799","144,367","-2,568","72,133","65,043","7,090","4,521","125,459","95,419","30,040","34,561","22,586","-8,406"
,10åé,Oct,"15,433","16,894","-1,460","136,022","112,575","23,446","21,986","5,781","5,854",-73,"21,913","159,571","156,872","2,699","55,564","52,092","3,472","6,171","117,813","107,772","10,042","16,213","15,815","5,700"
,11åé,Nov,"16,381","15,686",695,"101,933","116,938","-15,005","-14,310","4,299","3,768",531,"-13,779","149,864","144,477","5,388","57,179","59,425","-2,246","3,142","127,268","131,890","-4,621","-1,480","-17,451","-12,299"
,12åé,Dec,"12,153","12,651",-498,"103,203","101,640","1,563","1,065","5,048","4,477",571,"1,636","145,033","139,172","5,860","55,490","64,451","-8,960","-3,100","100,275","109,205","-8,931","-12,031","4,165","13,667"
2011,ÇPåé,Jan,"13,531","14,975","-1,443","93,494","80,075","13,419","11,976","3,280","3,815",-535,"11,441","156,423","150,339","6,084","59,801","54,624","5,177","11,261","159,092","106,257","52,835","64,096",715,"-52,655"
(ïΩê¨23îN),ÇQåé,Feb,"13,672","15,575","-1,903","84,038","77,700","6,338","4,435","4,857","4,212",645,"5,080","183,472","173,936","9,536","67,258","60,201","7,057","16,593","119,160","112,379","6,781","23,375","-12,158","-18,295"
,ÇRåé,Mar,"18,333","19,168",-835,"121,078","94,743","26,335","25,500","7,860","8,446",-586,"24,914","282,769","270,950","11,818","83,266","78,279","4,987","16,805","97,272","120,594","-23,322","-6,518","8,695","31,431"
,ÇSåé,Apr,"15,304","20,798","-5,494","97,694","108,015","-10,321","-15,815","4,207","3,414",793,"-15,022","172,272","165,803","6,469","97,061","80,907","16,154","22,623","149,121","139,968","9,154","31,777","-38,438","-46,799"
,ÇTåé,May,"17,351","15,828","1,523","115,860","126,397","-10,537","-9,013","3,464","4,119",-655,"-9,668","153,997","153,609",388,"85,205","58,451","26,753","27,142","124,665","115,625","9,040","36,182","-36,155","-45,850"
,ÇUåé,Jun,"15,603","11,786","3,817","129,841","122,765","7,076","10,893","8,912","8,904",8,"10,901","158,132","160,310","-2,178","82,785","93,784","-10,999","-13,177","115,782","107,987","7,795","-5,382","24,070","16,283"
,ÇVåé,Jul,"16,944","14,375","2,569","111,738","112,788","-1,050","1,519","3,239","2,963",276,"1,795","139,931","137,502","2,430","62,233","63,960","-1,727",703,"144,685","133,503","11,182","11,884",816,"-10,090"
,ÇWåé,Aug,"18,369","12,192","6,177","174,641","177,745","-3,104","3,074","3,903","4,172",-269,"2,805","197,505","212,768","-15,263","77,177","73,342","3,835","-11,429","196,525","135,732","60,793","49,365","14,502","-46,560"
,ÇXåé,Sep,"14,795","11,592","3,203","132,426","101,313","31,113","34,317","5,620","7,715","-2,095","32,222","156,335","165,889","-9,554","74,273","74,472",-199,"-9,753","115,373","101,658","13,714","3,961","44,070","28,261"
,10åé,Oct,"12,833","13,165",-332,"120,438","115,733","4,706","4,374","3,236","3,123",113,"4,486","137,231","136,470",761,"63,800","64,018",-218,542,"123,385","152,162","-28,777","-28,235","3,831","32,721"
,11åé,Nov,"12,073","13,491","-1,418","102,415","115,081","-12,666","-14,084","2,860","3,532",-672,"-14,756","124,116","127,642","-3,525","69,794","75,259","-5,465","-8,990","173,788","144,532","29,256","20,265","-5,093","-35,021"
,12åé,Dec,"9,122","10,208","-1,086","91,422","83,712","7,710","6,624","3,105","5,991","-2,886","3,738","111,901","116,339","-4,438","61,711","61,686",25,"-4,413","125,341","106,396","18,945","14,532","11,037","-10,794"
2012,ÇPåé,Jan,"10,808","14,014","-3,206","106,209","79,011","27,198","23,992","4,317","3,745",572,"24,564","125,049","121,641","3,408","68,077","68,912",-835,"2,573","137,109","132,728","4,381","6,955","21,419","17,609"
(ïΩê¨24îN),ÇQåé,Feb,"14,040","16,638","-2,598","121,819","95,443","26,376","23,778","5,434","4,930",504,"24,282","180,342","173,479","6,864","79,155","78,207",948,"7,811","169,640","162,298","7,342","15,153","15,967","9,129"
,ÇRåé,Mar,"13,550","18,208","-4,658","140,192","130,861","9,331","4,673","4,832","6,192","-1,360","3,313","191,583","188,486","3,097","81,895","100,064","-18,169","-15,072","158,080","170,922","-12,842","-27,914","19,745","31,226"
,ÇSåé,Apr,"14,930","15,291",-361,"132,961","159,135","-26,174","-26,535","4,170","4,791",-621,"-27,155","150,412","150,188",224,"88,981","79,911","9,070","9,294","152,739","145,297","7,443","16,737","-35,829","-43,892"
,ÇTåé,May,"16,239","14,787","1,453","181,019","161,216","19,803","21,256","6,683","6,268",415,"21,671","157,699","163,865","-6,167","73,456","68,246","5,210",-957,"152,881","141,500","11,381","10,424","22,212","11,247"
,ÇUåé,Jun,"13,060","11,258","1,801","171,767","153,222","18,546","20,347","7,038","7,398",-359,"19,988","142,271","143,891","-1,620","76,288","63,940","12,348","10,728","134,142","130,275","3,867","14,595","9,619","5,392"
,ÇVåé,Jul,"10,237","11,437","-1,201","169,357","157,334","12,023","10,822","9,486","8,006","1,480","12,302","130,624","133,139","-2,515","59,518","56,964","2,554",38,"163,591","157,820","5,771","5,809","10,784","6,493"
,ÇWåé,Aug,"11,660","13,326","-1,666","155,452","133,988","21,463","19,797","8,515","8,127",388,"20,185","137,074","139,526","-2,453","68,248","60,584","7,665","5,212","158,895","144,483","14,412","19,624","14,585",560
,ÇXåé,Sep,"11,208","15,548","-4,340","162,656","139,401","23,255","18,915","7,792","7,472",320,"19,235","139,043","141,199","-2,157","63,018","58,496","4,522","2,365","154,571","147,614","6,957","9,322","16,550","9,913"
,10åé,Oct,"12,566","12,573",-7,"124,292","113,103","11,189","11,183","4,811","4,661",150,"11,332","167,536","164,678","2,858","60,059","53,979","6,081","8,938","138,300","174,045","-35,745","-26,807","2,244","38,139"
,11åé,Nov,"12,420","13,714","-1,294","112,671","97,684","14,987","13,694","3,824","4,583",-759,"12,934","163,007","158,243","4,764","51,395","47,689","3,706","8,470","165,533","130,847","34,686","43,156","5,223","-30,222"
,12åé,Dec,"10,688","15,147","-4,459","104,612","99,593","5,019",560,"3,799","5,256","-1,458",-898,"183,150","168,181","14,969","41,593","53,016","-11,423","3,546","109,618","125,852","-16,235","-12,689","-2,987","11,791"
2013,ÇPåé,Jan,"14,979","24,407","-9,427","136,273","134,840","1,433","-7,995","7,712","8,324",-613,"-8,607","246,431","235,010","11,422","51,831","49,653","2,179","13,600","186,098","163,737","22,361","35,961","-21,595","-44,568"
(ïΩê¨25îN),ÇQåé,Feb,"13,624","25,113","-11,488","107,592","132,505","-24,913","-36,401","5,829","6,533",-705,"-37,106","262,631","253,770","8,861","50,136","51,192","-1,056","7,805","128,194","132,858","-4,664","3,141","-44,206","-40,247"
,ÇRåé,Mar,"17,351","33,465","-16,114","155,966","161,230","-5,264","-21,378","7,767","9,895","-2,129","-23,507","301,636","284,949","16,687","71,501","85,814","-14,313","2,374","156,764","182,070","-25,306","-22,932","-23,752",-575
,ÇSåé,Apr,"18,700","20,258","-1,559","175,190","197,099","-21,909","-23,467","8,636","9,288",-652,"-24,119","419,955","389,149","30,805","96,909","90,679","6,231","37,036","143,070","130,628","12,442","49,478","-60,504","-73,597"
,ÇTåé,May,"20,349","24,084","-3,735","175,588","201,046","-25,458","-29,193","8,562","9,286",-724,"-29,917","469,988","457,541","12,447","75,626","82,314","-6,688","5,759","159,040","143,551","15,489","21,248","-34,953","-51,166"
,ÇUåé,Jun,"14,141","17,918","-3,777","136,031","165,608","-29,578","-33,355","15,601","14,355","1,246","-32,109","373,113","365,466","7,648","67,090","74,653","-7,563",85,"134,178","145,399","-11,221","-11,136","-33,440","-20,973"
,ÇVåé,Jul,"12,849","16,695","-3,846","193,824","159,006","34,818","30,972","16,870","15,755","1,115","32,087","329,229","319,630","9,599","69,964","66,867","3,097","12,696","133,502","157,118","-23,616","-10,920","18,276","43,007"
,ÇWåé,Aug,"21,003","20,783",220,"154,829","154,716",113,333,"8,207","9,325","-1,118",-785,"286,185","288,118","-1,933","65,236","65,639",-404,"-2,337","142,918","131,432","11,486","9,149","2,670","-9,934"
,ÇXåé,Sep,"12,858","15,254","-2,396","179,553","167,738","11,816","9,420","10,064","10,975",-911,"8,509","276,315","268,186","8,129","87,938","98,089","-10,151","-2,022","157,237","170,048","-12,811","-14,833","11,442","23,342"
,10åé,Oct,"14,926","16,665","-1,740","178,932","168,587","10,345","8,606","6,839","6,275",564,"9,170","319,139","312,037","7,102","72,891","66,445","6,446","13,549","160,314","129,595","30,719","44,267","-4,943","-35,097"
,11åé,Nov,"12,861","16,402","-3,541","172,517","146,958","25,559","22,018","4,642","4,991",-349,"21,669","328,500","302,116","26,384","62,307","67,232","-4,925","21,459","151,643","138,839","12,804","34,263",559,"-12,593"
,12åé,Dec,"12,474","18,060","-5,586","133,725","138,716","-4,991","-10,577","6,987","6,713",273,"-10,303","328,897","307,631","21,265","67,248","75,388","-8,140","13,125","142,581","147,793","-5,212","7,913","-23,702","-18,216"
2014,ÇPåé,Jan,"30,176","31,706","-1,530","121,041","150,159","-29,118","-30,648","6,969","5,214","1,755","-28,892","369,565","380,094","-10,529","53,916","53,715",201,"-10,328","202,128","157,710","44,418","34,090","-20,319","-62,982"
(ïΩê¨26îN),ÇQåé,Feb,"27,371","31,475","-4,104","122,733","125,402","-2,669","-6,773","7,508","7,230",278,"-6,495","353,526","356,348","-2,822","53,538","53,126",412,"-2,410","145,012","157,689","-12,676","-15,086","-4,363","8,591"
,ÇRåé,Mar,"33,176","35,821","-2,644","189,992","207,481","-17,489","-20,133","7,737","8,242",-504,"-20,637","337,383","349,720","-12,337","67,866","71,381","-3,516","-15,853","173,135","201,509","-28,375","-44,228","-4,280","23,591"
,ÇSåé,Apr,"38,057","36,029","2,028","184,435","186,445","-2,010",18,"9,269","7,830","1,440","1,458","302,602","299,339","3,263","56,649","50,350","6,299","9,562","173,486","155,227","18,259","27,821","-9,544","-26,363"
,ÇTåé,May,"34,616","32,380","2,236","218,900","201,923","16,977","19,213","6,186","5,402",784,"19,997","294,378","295,629","-1,251","54,089","45,613","8,475","7,225","187,723","167,538","20,185","27,409","11,988","-7,412"
,ÇUåé,Jun,"34,133","32,137","1,995","216,882","196,383","20,499","22,494","7,125","5,759","1,366","23,860","318,987","310,372","8,615","54,071","62,729","-8,658",-43,"165,782","187,644","-21,863","-21,906","22,538","45,766"
,ÇVåé,Jul,"36,184","31,518","4,666","358,547","348,092","10,456","15,122","12,019","11,486",533,"15,654","293,122","286,175","6,947","54,485","43,854","10,631","17,579","179,983","153,253","26,729","44,308","-2,457","-28,653"
,ÇWåé,Aug,"39,469","32,002","7,466","308,213","295,661","12,552","20,018","11,326","9,083","2,243","22,261","290,143","295,543","-5,401","58,199","40,010","18,189","12,788","159,490","164,533","-5,043","7,745","7,230","14,516"
,ÇXåé,Sep,"42,879","31,252","11,627","360,466","347,336","13,130","24,757","19,316","18,555",761,"25,518","319,469","313,840","5,629","85,057","60,859","24,198","29,827","163,119","209,776","-46,657","-16,830","-5,071","42,348"
,10åé,Oct,"42,380","33,054","9,326","340,610","337,702","2,908","12,234","11,170","11,087",83,"12,317","425,764","419,643","6,120","73,119","60,840","12,280","18,400","182,041","159,322","22,719","41,119","-6,166","-28,802"
,11åé,Nov,"38,806","38,845",-38,"241,535","228,075","13,459","13,421","9,433","8,377","1,055","14,476","430,042","403,571","26,471","68,807","55,914","12,893","39,364","161,583","151,400","10,184","49,548","-25,943","-35,071"
,12åé,Dec,"41,457","30,975","10,482","255,537","284,564","-29,027","-18,545","10,259","10,186",73,"-18,471","380,972","379,194","1,778","82,897","77,763","5,134","6,912","143,899","163,536","-19,637","-12,724","-25,457","-5,747"
2015,ÇPåé,Jan,"42,520","26,331","16,189","343,376","335,135","8,241","24,430","19,340","14,499","4,842","29,271","364,731","373,702","-8,970","63,981","64,641",-660,"-9,631","164,333","138,063","26,270","16,640","34,061","12,632"
(ïΩê¨27îN),ÇQåé,Feb,"44,877","31,036","13,842","291,296","278,232","13,064","26,906","11,583","11,735",-152,"26,754","402,256","399,491","2,766","62,684","52,122","10,562","13,328","161,150","151,156","9,994","23,322","13,578","3,432"
,ÇRåé,Mar,"52,057","34,484","17,572","345,572","320,025","25,546","43,119","14,404","14,110",294,"43,413","481,441","473,221","8,220","82,451","78,012","4,440","12,659","206,880","206,814",66,"12,725","30,459","30,687"
,ÇSåé,Apr,"43,762","33,246","10,517","294,750","323,377","-28,628","-18,111","14,483","11,345","3,139","-14,972","453,307","427,771","25,536","63,908","55,296","8,612","34,148","148,338","133,461","14,876","49,025","-52,259","-63,997"
,ÇTåé,May,"37,797","31,508","6,290","270,751","246,395","24,355","30,645","12,015","10,157","1,858","32,503","408,376","393,754","14,622","63,134","68,059","-4,925","9,697","166,035","143,358","22,677","32,374","20,948",129
,ÇUåé,Jun,"43,936","33,518","10,418","248,109","289,002","-40,893","-30,475","9,957","10,251",-294,"-30,768","463,164","465,923","-2,759","70,422","81,099","-10,677","-13,435","201,197","246,723","-45,526","-58,961","-17,039","28,193"
,ÇVåé,Jul,"44,641","32,619","12,022","283,008","263,328","19,679","31,701","8,109","8,097",12,"31,713","467,516","470,795","-3,279","67,523","49,468","18,054","14,775","171,095","145,283","25,812","40,587","16,926","-8,874"
,ÇWåé,Aug,"46,154","33,538","12,616","294,299","280,221","14,078","26,694","12,104","9,754","2,350","29,044","521,326","535,529","-14,203","62,544","40,933","21,611","7,407","168,897","186,470","-17,573","-10,166","19,287","39,211"
,ÇXåé,Sep,"41,748","24,183","17,565","303,951","271,641","32,310","49,875","18,034","18,349",-315,"49,560","439,756","470,635","-30,878","68,964","70,460","-1,496","-32,374","179,764","168,357","11,407","-20,967","82,250","70,528"
,10åé,Oct,"39,244","29,313","9,932","322,664","298,989","23,675","33,607","11,428","13,158","-1,730","31,877","438,725","427,951","10,775","69,789","43,974","25,815","36,590","195,320","153,282","42,038","78,628","-2,983","-46,751"
,11åé,Nov,"35,602","30,539","5,063","272,293","252,003","20,290","25,354","17,603","18,463",-859,"24,494","389,959","384,532","5,427","67,442","54,049","13,393","18,820","181,667","190,495","-8,828","9,992","6,533","14,502"
,12åé,Dec,"37,920","35,436","2,484","256,387","250,165","6,222","8,706","17,604","16,759",845,"9,550","400,551","405,200","-4,649","59,584","69,055","-9,471","-14,119","189,430","172,495","16,936","2,817","22,825","6,734"
2016,ÇPåé,Jan,"37,611","27,748","9,862","358,110","354,649","3,461","13,324","24,608","21,475","3,133","16,457","459,509","476,112","-16,604","79,105","71,561","7,544","-9,059","161,282","147,942","13,339","4,280","22,383","12,177"
(ïΩê¨28îN),ÇQåé,Feb,"45,010","32,684","12,326","341,907","306,300","35,607","47,933","22,362","21,182","1,179","49,112","508,278","536,404","-28,126","103,557","86,957","16,600","-11,526","172,418","203,792","-31,375","-42,901","59,459","92,013"
,ÇRåé,Mar,"40,962","35,110","5,852","329,434","277,337","52,098","57,949","22,077","25,368","-3,291","54,658","434,805","454,974","-20,169","97,631","114,188","-16,557","-36,726","206,352","205,146","1,206","-35,519","94,675","90,177"
,ÇSåé,Apr,"32,490","42,772","-10,282","303,378","297,175","6,204","-4,078","19,851","21,778","-1,927","-6,006","430,762","419,743","11,019","87,664","59,901","27,764","38,783","159,974","153,803","6,172","44,955","-42,861","-50,960"
,ÇTåé,May,"42,018","38,978","3,040","281,850","266,664","15,186","18,226","22,852","20,395","2,457","20,683","362,337","365,630","-3,293","52,452","41,772","10,680","7,387","163,492","209,391","-45,899","-38,512","10,839","59,195"
,ÇUåé,Jun,"38,047","32,968","5,078","315,478","296,026","19,452","24,530","23,777","26,586","-2,809","21,722","422,913","427,254","-4,342","84,125","94,098","-9,973","-14,315","199,420","190,546","8,875","-5,440","38,845","27,161"
,ÇVåé,Jul,"38,065","28,903","9,162","326,384","271,891","54,494","63,656","15,607","16,245",-638,"63,018","397,397","399,642","-2,244","71,428","60,010","11,419","9,174","150,834","127,125","23,709","32,883","54,481","30,135"
,ÇWåé,Aug,"39,899","29,949","9,949","315,694","292,831","22,863","32,813","12,576","15,710","-3,134","29,679","373,118","378,403","-5,285","75,882","64,603","11,279","5,994","165,972","202,264","-36,291","-30,298","26,819","59,976"
,ÇXåé,Sep,"35,316","32,977","2,339","303,719","299,261","4,457","6,797","20,289","19,168","1,121","7,917","339,977","353,417","-13,440","103,289","110,528","-7,239","-20,679","207,930","185,550","22,380","1,700","27,476","6,217"
,10åé,Oct,"34,911","30,587","4,324","294,837","281,378","13,459","17,782","15,288","17,453","-2,166","15,617","333,311","325,484","7,826","59,870","62,949","-3,079","4,748","151,559","168,361","-16,802","-12,055","13,035","27,671"
,11åé,Nov,"49,524","36,731","12,793","338,878","338,039",839,"13,632","10,329","11,076",-747,"12,885","448,023","435,920","12,103","69,878","73,321","-3,443","8,660","180,394","154,186","26,207","34,868","4,972","-21,982"
,12åé,Dec,"39,069","41,802","-2,733","245,875","264,446","-18,571","-21,304","9,067","10,415","-1,348","-22,652","444,667","438,770","5,896","80,169","81,401","-1,232","4,664","189,113","168,794","20,319","24,984","-25,968","-47,636"
2017,ÇPåé,Jan,"34,306","29,112","5,195","268,282","284,491","-16,210","-11,015","12,867","11,941",926,"-10,089","373,269","374,460","-1,192","78,844","62,003","16,841","15,649","164,044","139,503","24,541","40,191","-26,664","-50,279"
(ïΩê¨29îN),ÇQåé,Feb,"42,173","38,035","4,138","268,237","278,909","-10,673","-6,535","16,822","16,675",147,"-6,388","385,627","387,948","-2,321","68,691","64,335","4,357","2,035","169,562","165,383","4,179","6,215","-8,570","-12,602"
,ÇRåé,Mar,"49,743","56,650","-6,907","347,180","346,789",390,"-6,517","41,444","40,398","1,046","-5,471","421,281","438,153","-16,872","75,967","89,995","-14,028","-30,900","175,234","192,936","-17,702","-48,602","24,384","43,132"
,ÇSåé,Apr,"42,210","36,269","5,941","267,058","309,617","-42,559","-36,617","38,802","36,323","2,479","-34,139","407,295","392,249","15,046","71,115","60,548","10,567","25,613","192,369","178,873","13,496","39,110","-62,231","-73,249"
,ÇTåé,May,"50,852","38,694","12,158","272,646","241,571","31,074","43,233","48,558","50,195","-1,637","41,595","424,337","417,457","6,880","61,540","45,103","16,437","23,317","168,300","198,104","-29,804","-6,487","19,916","48,083"
,ÇUåé,Jun,"52,178","40,800","11,377","308,892","294,556","14,336","25,714","47,297","47,988",-691,"25,023","463,757","463,071",686,"61,157","75,815","-14,658","-13,972","175,662","160,839","14,822",850,"39,686","24,173"
,ÇVåé,Jul,"46,155","34,519","11,635","266,830","222,200","44,630","56,265","50,080","47,564","2,516","58,781","381,868","375,955","5,913","55,325","53,478","1,847","7,760","156,321","182,778","-26,457","-18,698","48,505","77,479"
,ÇWåé,Aug,"46,173","35,594","10,579","221,447","213,995","7,453","18,032","51,823","49,592","2,230","20,262","394,205","405,004","-10,800","67,803","44,532","23,271","12,472","195,556","170,418","25,137","37,609","5,560","-17,347"
,ÇXåé,Sep,"47,972","37,733","10,239","265,376","266,175",-799,"9,440","53,773","53,832",-59,"9,382","416,602","432,390","-15,788","76,064","79,800","-3,735","-19,524","166,260","161,658","4,602","-14,922","28,964","24,303"
,10åé,Oct,"47,850","37,827","10,023","229,174","243,509","-14,334","-4,311","44,764","43,797",968,"-3,344","498,038","463,750","34,288","48,247","48,545",-298,"33,990","173,362","192,054","-18,692","15,298","-38,301","-18,642"
,11åé,Nov,"52,417","37,990","14,427","236,441","237,250",-810,"13,617","53,384","53,415",-31,"13,586","554,808","559,034","-4,226","73,831","68,279","5,552","1,325","176,784","156,929","19,855","21,180","12,292","-7,594"
,12åé,Dec,"43,431","31,889","11,542","168,155","169,438","-1,283","10,259","41,872","43,128","-1,257","9,003","446,657","452,755","-6,098","64,846","68,858","-4,012","-10,110","169,448","144,611","24,837","14,727","20,369","-5,724"
2018,ÇPåé,Jan,"52,845","40,208","12,637","292,372","278,485","13,887","26,524","51,301","49,700","1,600","28,125","492,258","485,576","6,682","59,646","69,495","-9,849","-3,167","159,832","171,606","-11,774","-14,942","29,691","43,066"
(ïΩê¨30îN),ÇQåé,Feb,"53,435","54,890","-1,455","263,264","290,595","-27,331","-28,786","52,353","49,206","3,147","-25,639","553,973","557,105","-3,131","61,559","62,177",-618,"-3,749","165,527","170,744","-5,217","-8,966","-25,037","-16,673"
,ÇRåé,Mar,"46,531","53,226","-6,695","290,497","274,471","16,027","9,331","64,028","60,325","3,703","13,034","514,995","555,411","-40,416","74,103","86,808","-12,705","-53,121","204,318","196,103","8,215","-44,906","62,453","57,940"
,ÇSåé,Apr,"49,782","40,431","9,351","260,522","244,395","16,127","25,478","62,681","60,365","2,316","27,794","450,621","436,597","14,025","68,892","54,211","14,681","28,706","197,794","180,969","16,826","45,532","-3,228","-17,738"
,ÇTåé,May,"54,829","45,173","9,657","269,703","280,935","-11,232","-1,575","56,758","57,507",-749,"-2,324","463,821","469,980","-6,159","55,784","52,442","3,342","-2,817","172,411","188,794","-16,384","-19,201","1,242","16,877"
,ÇUåé,Jun,"60,237","44,696","15,541","270,262","259,671","10,591","26,132","51,407","52,687","-1,279","24,853","454,232","464,263","-10,030","65,958","61,512","4,446","-5,585","218,941","175,094","43,847","38,263","31,717","-13,410"
,ÇVåé,Jul,"51,014","38,774","12,240","278,796","265,945","12,852","25,092","44,674","46,094","-1,420","23,672","440,931","434,551","6,380","78,240","68,837","9,403","15,783","193,788","224,000","-30,211","-14,429","9,309","38,101"
,ÇWåé,Aug,"51,945","42,811","9,135","290,110","289,839",270,"9,405","69,053","70,504","-1,451","7,954","450,028","459,071","-9,044","66,534","75,279","-8,746","-17,789","214,193","178,513","35,679","17,890","27,194","-9,936"
,ÇXåé,Sep,"49,095","38,988","10,108","305,554","260,367","45,188","55,295","61,194","62,863","-1,668","53,627","435,237","457,593","-22,356","62,613","81,522","-18,909","-41,265","198,101","176,986","21,115","-20,150","96,560","73,777"
,10åé,Oct,"59,419","51,163","8,256","376,522","383,576","-7,053","1,202","44,872","44,203",669,"1,871","604,227","588,569","15,659","79,742","72,719","7,023","22,682","211,626","231,524","-19,898","2,784","-21,479",-912
,11åé,Nov,"45,127","42,558","2,569","399,472","378,193","21,279","23,849","42,036","41,403",633,"24,482","501,744","502,999","-1,255","75,655","56,245","19,409","18,154","247,021","206,849","40,172","58,326","5,694","-33,845"
,12åé,Dec,"40,114","42,717","-2,603","280,099","274,481","5,618","3,015","36,495","36,811",-316,"2,699","455,318","465,567","-10,249","92,544","76,083","16,460","6,211","149,349","146,430","2,919","9,130","-3,196","-6,431"
2019,ÇPåé,Jan,"33,898","44,602","-10,703","402,868","380,633","22,235","11,531","41,147","38,490","2,657","14,188","398,780","405,109","-6,329","93,566","72,417","21,148","14,819","183,204","205,355","-22,151","-7,331","-3,288","21,519"
(ïΩê¨31îN),ÇQåé,Feb,"38,171","41,549","-3,378","323,798","292,444","31,354","27,976","21,056","24,422","-3,366","24,610","383,354","387,573","-4,219","91,600","69,971","21,630","17,411","200,034","195,291","4,742","22,153","10,566","2,458"
,ÇRåé,Mar,"55,980","45,466","10,514","535,771","507,804","27,967","38,481","21,330","21,770",-439,"38,042","404,974","440,565","-35,591","113,514","102,088","11,426","-24,165","188,123","187,859",264,"-23,900","62,646","61,942"
,ÇSåé,Apr,"40,648","46,707","-6,060","467,058","472,658","-5,601","-11,660","20,202","19,874",328,"-11,332","427,209","386,625","40,584","104,046","91,345","12,701","53,285","188,829","202,367","-13,539","39,747","-64,946","-51,079"
(óﬂòaå≥îN),ÇTåé,May,"48,775","41,833","6,942","477,059","460,179","16,880","23,822","20,372","20,021",351,"24,172","423,626","425,538","-1,912","80,297","64,073","16,224","14,312","221,540","191,843","29,697","44,008","9,510","-19,836"
,ÇUåé,Jun,"49,917","43,593","6,324","492,998","462,212","30,786","37,111","26,446","28,226","-1,780","35,331","349,374","354,346","-4,972","84,408","88,735","-4,327","-9,300","180,559","204,815","-24,257","-33,556","46,410","68,888"
,ÇVåé,Jul,"44,072","42,868","1,204","505,199","482,498","22,700","23,904","34,614","35,085",-471,"23,433","363,206","363,543",-337,"94,484","73,529","20,956","20,618","197,056","227,279","-30,223","-9,605","3,286","33,039"
,ÇWåé,Aug,"46,490","42,247","4,244","478,869","464,898","13,972","18,215","32,066","32,107",-41,"18,174","377,201","386,324","-9,123","82,200","76,639","5,561","-3,561","235,667","197,039","38,628","35,066","21,777","-16,892"
,ÇXåé,Sep,"46,798","43,720","3,078","482,171","464,356","17,816","20,894","32,361","33,213",-852,"20,042","402,327","427,116","-24,789","88,749","96,851","-8,102","-32,891","183,962","227,176","-43,214","-76,105","53,785","96,147"
,10åé,Oct,"48,916","43,116","5,801","404,942","398,815","6,127","11,928","23,879","25,746","-1,866","10,061","446,702","416,282","30,420","86,789","79,732","7,057","37,477","212,504","207,721","4,783","42,260","-25,549","-32,198"
,11åé,Nov,"55,708","51,839","3,869","364,268","361,477","2,791","6,660","22,930","22,602",328,"6,988","421,093","408,240","12,853","80,980","78,569","2,411","15,264","215,900","197,344","18,556","33,820","-8,604","-26,832"
,12åé,Dec,"46,901","42,541","4,360","332,072","340,528","-8,455","-4,096","20,987","22,154","-1,167","-5,263","378,269","378,496",-227,"80,743","87,542","-6,799","-7,026","158,274","172,394","-14,120","-21,146","2,930","15,883"
2020,ÇPåé,Jan,"50,284","45,234","5,050","415,858","397,160","18,697","23,748","21,816","19,834","1,982","25,729","385,786","389,108","-3,323","84,552","73,100","11,452","8,129","244,186","199,527","44,660","52,788","15,619","-27,059"
(óﬂòa2îN),ÇQåé,Feb,"57,712","56,192","1,519","423,493","391,291","32,202","33,722","19,337","16,050","3,286","37,008","445,705","453,165","-7,460","98,884","69,231","29,653","22,193","188,326","199,763","-11,438","10,755","11,529","26,253"
,ÇRåé,Mar,"83,969","65,497","18,472","564,393","529,353","35,039","53,512","16,803","19,377","-2,574","50,938","735,521","783,941","-48,420","131,087","176,791","-45,705","-94,125","230,841","260,753","-29,912","-124,037","147,636","174,974"
,ÇSåé,Apr,"56,131","44,174","11,957","370,356","404,525","-34,168","-22,211","14,416","14,447",-30,"-22,241","496,068","495,510",558,"72,935","75,031","-2,096","-1,538","223,071","225,676","-2,605","-4,143","-20,673","-18,098"
,ÇTåé,May,"63,496","50,965","12,531","316,224","327,272","-11,048","1,484","13,766","10,338","3,428","4,911","428,940","434,034","-5,094","61,024","55,570","5,453",359,"248,794","203,783","45,011","45,370","1,124","-40,459"
,ÇUåé,Jun,"67,044","70,923","-3,880","474,545","432,104","42,441","38,562","25,200","24,612",587,"39,149","528,585","540,471","-11,886","76,293","101,213","-24,920","-36,806","259,827","229,906","29,922","-6,884","75,368","46,033"
,ÇVåé,Jul,"73,380","112,977","-39,597","394,686","377,357","17,328","-22,269","21,240","20,678",562,"-21,707","419,407","424,290","-4,883","94,841","89,709","5,132",249,"297,981","235,568","62,414","62,663","-22,518","-84,369"
,ÇWåé,Aug,"59,019","57,763","1,256","334,206","314,370","19,836","21,093","17,879","15,821","2,058","23,151","411,534","412,542","-1,008","81,626","95,324","-13,698","-14,706","242,707","261,034","-18,326","-33,032","35,798","56,183"
,ÇXåé,Sep,"56,183","65,430","-9,247","376,903","370,808","6,094","-3,153","21,697","21,012",686,"-2,467","433,489","459,729","-26,240","93,161","91,836","1,325","-24,915","255,964","270,925","-14,962","-39,876","21,762","37,409"
,10åé,Oct,"58,096","52,184","5,913","495,267","481,582","13,685","19,598","25,564","26,108",-544,"19,054","431,563","414,661","16,901","89,980","75,691","14,289","31,190","304,642","227,510","77,132","108,322","-11,592","-89,268"
,11åé,Nov,"65,482","91,564","-26,082","421,677","371,586","50,090","24,008","22,803","22,405",397,"24,406","529,527","529,796",-269,"77,959","65,998","11,961","11,692","221,683","262,617","-40,934","-29,242","12,317","53,648"
,12åé,Dec,"63,332","80,820","-17,488","335,101","318,219","16,882",-606,"24,784","24,417",367,-239,"466,204","467,757","-1,553","81,527","99,980","-18,453","-20,006","253,960","178,538","75,423","55,417","19,399","-55,656"
2021,ÇPåé,Jan,"61,573","67,430","-5,857","436,135","411,255","24,879","19,022","22,888","21,655","1,233","20,255","479,718","472,597","7,121","108,808","103,941","4,867","11,988","336,540","265,297","71,243","83,231","7,034","-62,976"
(óﬂòa3îN),ÇQåé,Feb,"59,891","73,587","-13,696","438,250","459,231","-20,981","-34,677","22,433","20,247","2,186","-32,491","476,882","472,459","4,423","91,087","102,294","-11,207","-6,783","240,399","244,186","-3,787","-10,571","-27,894","-21,921"
,ÇRåé,Mar,"77,704","82,363","-4,660","499,156","491,234","7,922","3,262","34,902","38,410","-3,509",-247,"642,175","648,658","-6,483","117,766","133,477","-15,710","-22,194","273,865","332,506","-58,641","-80,835","25,455","80,588"
,ÇSåé,Apr,"56,403","84,390","-27,988","422,064","407,592","14,473","-13,515","20,238","19,370",868,"-12,647","483,113","463,284","19,829","104,803","92,101","12,702","32,530","238,836","287,179","-48,343","-15,813","-46,045","3,165"
,ÇTåé,May,"55,634","51,822","3,812","388,032","399,727","-11,695","-7,883","25,380","25,459",-79,"-7,962","477,090","483,230","-6,140","89,707","72,057","17,651","11,510","249,100","257,409","-8,309","3,201","-19,394","-11,164"
,ÇUåé,Jun,"56,873","60,355","-3,482","417,052","409,045","8,006","4,524","19,413","19,369",44,"4,568","501,660","505,556","-3,896","123,412","102,136","21,276","17,380","282,794","257,936","24,858","42,238","-12,856","-37,670"
,ÇVåé,Jul,"57,641","59,570","-1,929","400,238","411,914","-11,676","-13,605","20,103","20,752",-649,"-14,254","437,739","435,929","1,810","122,147","85,194","36,953","38,763","285,018","267,843","17,175","55,939","-52,368","-70,193"
,ÇWåé,Aug,"63,494","56,433","7,061","347,830","356,701","-8,871","-1,810","22,419","20,076","2,343",533,"460,491","460,981",-490,"96,477","73,546","22,931","22,441","244,401","288,533","-44,132","-21,690","-24,252","22,223"
,ÇXåé,Sep,"70,015","68,067","1,948","468,112","421,772","46,341","48,288","22,287","24,345","-2,058","46,230","621,231","634,044","-12,813","96,580","110,036","-13,456","-26,269","242,879","243,567",-687,"-26,956","74,558","73,187"
,10åé,Oct,"60,096","59,281",814,"367,137","362,791","4,346","5,160","26,388","27,526","-1,138","4,022","620,734","595,164","25,570","100,625","112,493","-11,869","13,702","267,624","214,959","52,664","66,366","-8,541","-62,343"
,11åé,Nov,"77,365","83,501","-6,136","379,181","381,839","-2,658","-8,794","23,800","26,384","-2,584","-11,378","553,741","554,772","-1,031","115,187","85,166","30,021","28,991","271,897","244,491","27,406","56,397","-37,785","-67,775"
,12åé,Dec,"76,031","61,430","14,601","298,741","322,550","-23,809","-9,208","15,216","17,626","-2,410","-11,617","512,795","526,037","-13,242","124,342","94,274","30,068","16,826","176,311","191,318","-15,007","1,819","-26,034","-13,437"
2022,ÇPåé,Jan,"81,410","86,553","-5,143","401,201","391,528","9,673","4,530","26,471","26,823",-352,"4,178","567,005","561,221","5,784","117,918","124,150","-6,233",-449,"257,223","271,040","-13,816","-14,265","4,979","18,443"
(óﬂòa4îN),ÇQåé,Feb,"65,814","62,596","3,219","359,327","386,081","-26,754","-23,536","18,250","23,496","-5,246","-28,782","527,017","535,738","-8,721","116,128","113,840","2,288","-6,433","209,158","202,956","6,202",-231,"-17,103","-28,551"
,ÇRåé,Mar,"75,669","80,226","-4,557","426,754","455,140","-28,386","-32,943","29,982","25,237","4,745","-28,198","685,328","710,175","-24,847","146,938","168,033","-21,095","-45,941","211,226","247,034","-35,808","-81,749","12,998","53,551"
,ÇSåé,Apr,"75,927","79,313","-3,387","335,237","355,800","-20,563","-23,950","21,689","22,995","-1,306","-25,256","546,338","512,458","33,881","146,335","145,023","1,312","35,193","259,676","253,165","6,511","41,704","-59,143","-66,960"
,ÇTåé,May,"73,123","64,952","8,171","359,263","371,847","-12,584","-4,414","21,577","21,852",-275,"-4,689","578,844","582,527","-3,682","126,033","118,719","7,314","3,632","272,319","238,758","33,561","37,193","-8,046","-41,882"
,ÇUåé,Jun,"81,578","69,718","11,860","348,152","393,022","-44,870","-33,010","25,001","27,271","-2,270","-35,280","607,895","623,623","-15,728","193,249","234,707","-41,459","-57,187","293,844","276,315","17,529","-39,658","24,176","4,378"
,ÇVåé,Jul,"67,068","48,522","18,546","336,086","362,676","-26,590","-8,044","29,142","27,982","1,160","-6,884","519,041","508,283","10,758","144,478","93,897","50,581","61,339","300,165","240,108","60,057","121,396","-69,383","-128,280"
,ÇWåé,Aug,"60,280","76,468","-16,187","364,411","352,337","12,074","-4,113","26,614","28,681","-2,067","-6,180","534,628","541,775","-7,146","147,077","125,158","21,919","14,773","243,535","272,002","-28,467","-13,694","-18,886","7,514"
,ÇXåé,Sep,"69,714","60,202","9,511","383,034","410,810","-27,776","-18,264","50,514","49,153","1,361","-16,904","558,605","588,568","-29,963","153,861","217,753","-63,892","-93,855","284,210","278,783","5,426","-88,428","75,591","71,525"
,10åé,Oct,"76,719","67,967","8,751","357,261","383,267","-26,007","-17,255","51,867","51,676",191,"-17,064","616,220","595,710","20,510","140,766","158,165","-17,400","3,110","308,353","322,878","-14,524","-11,414","-20,366","-5,650"
,11åé,Nov,"70,192","84,098","-13,905","413,425","424,373","-10,948","-24,853","40,942","43,255","-2,312","-27,166","598,624","590,105","8,519","147,112","132,377","14,735","23,254","278,543","277,735",808,"24,062","-48,107","-51,228"
,12åé,Dec,"82,865","64,117","18,748","306,723","321,410","-14,687","4,060","34,899","41,221","-6,322","-2,262","544,546","542,802","1,744","133,855","189,798","-55,943","-54,199","242,250","203,519","38,731","-15,468","58,259","13,206"
2023,ÇPåé,Jan,"63,325","46,646","16,678","367,762","356,582","11,180","27,859","45,598","41,207","4,391","32,250","491,808","489,154","2,654","184,819","227,223","-42,405","-39,751","339,299","368,286","-28,986","-68,737","67,609","100,986"
(óﬂòa5îN),ÇQåé,Feb,"55,834","77,329","-21,495","385,817","344,499","41,318","19,823","36,686","37,980","-1,293","18,530","496,345","498,741","-2,396","147,308","152,093","-4,785","-7,181","327,419","300,287","27,132","19,950","27,004","-1,421"
,ÇRåé,Mar,"73,066","71,115","1,952","446,581","395,927","50,654","52,606","50,172","48,759","1,413","54,019","644,817","680,900","-36,083","222,036","191,686","30,350","-5,733","284,060","287,602","-3,542","-9,275","58,339","63,294"
,ÇSåé,Apr,"59,182","55,614","3,568","344,116","355,671","-11,555","-7,987","30,645","32,678","-2,033","-10,020","544,156","494,396","49,760","152,784","135,869","16,915","66,676","267,869","287,587","-19,718","46,957","-74,663","-56,977"
,ÇTåé,May,"63,032","73,790","-10,758","349,952","319,178","30,774","20,016","48,841","45,811","3,030","23,046","687,017","659,569","27,447","166,815","156,309","10,506","37,953","307,254","311,319","-4,065","33,888","-17,938","-10,842"
,ÇUåé,Jun,"80,372","79,913",459,"346,772","322,827","23,945","24,404","45,145","46,922","-1,777","22,627","798,340","780,311","18,029","192,279","199,747","-7,468","10,561","344,073","307,368","36,705","47,266","13,843","-24,639"
,ÇVåé,Jul,"74,427","94,010","-19,583","329,700","346,125","-16,425","-36,008","43,083","41,204","1,879","-34,129","624,620","615,721","8,899","178,988","193,404","-14,416","-5,516","253,766","300,077","-46,312","-51,828","-30,491","17,699"
,ÇWåé,Aug,"73,860","74,981","-1,121","356,340","338,785","17,555","16,434","41,314","40,930",384,"16,818","675,648","682,926","-7,278","197,257","201,278","-4,021","-11,299","270,854","329,103","-58,249","-69,549","27,734","86,366"
,ÇXåé,Sep,"71,780","60,128","11,652","405,411","371,448","33,963","45,615","40,754","41,450",-697,"44,919","684,659","739,413","-54,754","168,087","188,365","-20,278","-75,032","328,606","302,332","26,274","-48,758","120,647","93,677"
,10åé,Oct,"79,029","71,663","7,366","368,717","356,034","12,683","20,049","28,961","30,424","-1,462","18,586","743,371","716,841","26,531","185,818","203,797","-17,979","8,552","316,511","341,643","-25,132","-16,580","11,497","35,166"
,11åé,Nov,"70,874","75,987","-5,113","405,547","416,525","-10,978","-16,091","33,477","31,255","2,222","-13,869","736,007","726,460","9,547","218,169","201,080","17,088","26,635","274,827","259,684","15,142","41,777","-42,726","-55,646"
,12åé,Dec,"79,770","92,333","-12,563","317,598","304,931","12,667",104,"23,542","21,520","2,022","2,126","653,495","665,763","-12,268","263,567","279,356","-15,788","-28,056","253,876","239,567","14,309","-13,747","28,160","15,873"
2024,ÇPåé,Jan,"77,400","70,064","7,337","405,017","377,894","27,123","34,460","29,187","29,420",-233,"34,226","731,158","702,669","28,489","199,625","183,267","16,359","44,848","294,848","284,453","10,395","55,243","-10,388","-21,017"
(óﬂòa6îN),ÇQåé,Feb,"97,267","94,815","2,452","379,423","369,744","9,679","12,131","37,469","29,016","8,452","20,583","854,870","847,789","7,081","209,987","207,641","2,346","9,427","266,627","241,639","24,988","34,415","2,703","-13,832"
,ÇRåé,Mar,"92,919","106,852","-13,933","432,660","428,624","4,036","-9,897","25,438","24,099","1,340","-8,557","932,648","953,622","-20,974","271,716","274,797","-3,082","-24,055","297,020","273,183","23,838",-218,"14,159","-8,339"
,ÇSåé,Apr,"93,143","90,357","2,786","446,806","458,957","-12,151","-9,365","25,965","25,795",170,"-9,195","899,086","865,820","33,266","227,409","249,692","-22,283","10,984","242,021","291,040","-49,018","-38,035","-20,348","28,840"
,ÇTåé,May,"99,657","105,649","-5,992","409,715","386,734","22,981","16,989","28,943","30,984","-2,041","14,947","908,340","894,596","13,743","221,959","216,295","5,665","19,408","293,201","283,329","9,872","29,280","-2,419","-14,333"
,ÇUåé,Jun,"111,378","121,423","-10,045","397,158","430,660","-33,502","-43,547","35,202","40,950","-5,748","-49,294","723,906","725,557","-1,650","270,876","286,531","-15,654","-17,305","235,056","269,415","-34,360","-51,664","-26,242","2,370"
,ÇVåé,Jul,"120,854","113,612","7,242","466,562","481,419","-14,857","-7,615","28,760","28,930",-170,"-7,786","861,513","864,681","-3,167","233,219","221,430","11,789","8,622","196,055","286,401","-90,346","-81,724","-16,238","73,938"
,ÇWåé,Aug,"117,867","103,732","14,136","508,266","434,897","73,370","87,505","39,221","39,276",-55,"87,451","955,400","964,981","-9,581","247,095","232,177","14,918","5,337","230,680","252,908","-22,227","-16,891","82,169","104,342"
,ÇXåé,Sep,"93,719","93,497",221,"483,745","460,430","23,314","23,536","49,722","51,976","-2,254","21,282","775,164","824,884","-49,721","198,424","189,396","9,028","-40,693","234,526","251,408","-16,882","-57,575","64,229","78,857"
,10åé,Oct,"100,592","124,251","-23,658","463,110","507,991","-44,881","-68,540","40,476","36,924","3,552","-64,988","854,654","827,650","27,004","220,020","207,017","13,003","40,007","224,539","198,613","25,927","65,934","-108,547","-130,921"
,11åé,Nov,"101,945","114,189","-12,244","418,822","418,728",95,"-12,149","33,865","38,288","-4,423","-16,572","812,222","818,069","-5,847","199,671","195,587","4,084","-1,763","239,904","232,417","7,487","5,724","-10,386","-22,296"
,12åé,Dec,"109,266","112,373","-3,107","339,767","353,090","-13,324","-16,430","29,217","28,070","1,147","-15,283","725,815","732,200","-6,384","188,654","198,179","-9,525","-15,909","143,910","182,221","-38,311","-54,221",-521,"38,938"
2025,ÇPåé,Jan,"103,402","87,176","16,226","503,719","501,030","2,689","18,915","38,170","29,649","8,521","27,437","742,570","736,293","6,277","229,330","217,066","12,265","18,542","244,545","204,338","40,207","58,749",374,"-31,312"
(óﬂòa7îN),ÇQåé,Feb,"111,593","115,056","-3,464","472,186","439,157","33,030","29,566","32,844","31,382","1,463","31,029","786,395","811,221","-24,826","253,906","235,838","18,068","-6,758","191,797","207,871","-16,073","-22,832","36,324","53,860"
,ÇRåé,Mar,"129,003","108,963","20,039","497,812","506,840","-9,027","11,012","34,840","33,378","1,462","12,474","873,105","905,678","-32,573","294,201","262,958","31,243","-1,330","205,619","253,251","-47,632","-48,961","12,342","61,436"
,ÇSåé,Apr,"135,085","102,369","32,716","439,543","459,401","-19,858","12,858","39,950","30,886","9,063","21,921","958,498","921,739","36,759","302,514","257,142","45,371","82,130","244,094","208,758","35,336","117,466","-69,272","-95,545"
,ÇTåé,May,"111,032","115,269","-4,237","373,589","333,715","39,874","35,638","29,933","27,929","2,004","37,642","870,560","845,675","24,885","198,003","199,348","-1,345","23,540","221,724","219,793","1,931","25,471","12,098","12,170"
,ÇUåé,Jun,"113,175","133,062","-19,887","394,597","373,389","21,208","1,321","33,839","36,168","-2,329","-1,008","837,081","826,827","10,253","244,575","225,833","18,742","28,996","194,722","206,707","-11,985","17,011","-27,674","-18,019"
,ÇVåé,Jul,"124,779","130,144","-5,364","386,543","348,297","38,245","32,881","32,326","34,292","-1,966","30,915","886,606","863,088","23,518","208,388","218,243","-9,855","13,663","197,773","191,188","6,584","20,247","19,218","10,668"
,ÇWåé,Aug,"111,569","112,437",-868,"372,376","368,569","3,807","2,939","27,225","26,922",303,"3,242","921,044","917,578","3,466","159,250","155,064","4,186","7,652","208,874","197,641","11,232","18,884","-4,713","-15,642"
,ÇXåé,Sep,"125,434","122,759","2,676","424,321","405,154","19,167","21,843","44,035","45,120","-1,086","20,757","931,291","968,595","-37,304","194,574","201,517","-6,943","-44,247","180,672","210,776","-30,104","-74,351","66,090","95,108"
,10åé,Oct,"123,853","142,259","-18,406","381,921","394,330","-12,409","-30,815","36,531","40,253","-3,722","-34,537","1,278,626","1,216,181","62,446","219,541","211,551","7,990","70,435","223,367","168,740","54,627","125,062","-101,251","-159,599"
,11åé,Nov,"112,135","110,988","1,147","330,465","323,276","7,189","8,336","33,417","33,393",24,"8,361","1,083,142","1,073,356","9,786","201,541","182,702","18,839","28,625","159,257","169,608","-10,351","18,274","-20,288","-9,913"
,12åé,Dec,"115,855","119,358","-3,504","299,481","303,223","-3,742","-7,245","38,765","36,779","1,986","-5,259","962,102","966,291","-4,189","257,177","250,790","6,387","2,197","156,268","174,277","-18,009","-15,812","-9,443","10,553"
2026,ÇPåé,Jan,"120,877","114,857","6,020","373,951","367,718","6,233","12,253","36,895","36,993",-99,"12,155","1,114,711","1,086,298","28,413","295,402","245,983","49,418","77,832","212,411","187,002","25,409","103,240","-65,578","-91,086"
(óﬂòa8îN),ÇQåé,Feb,"111,580","105,158","6,421","333,176","367,392","-34,216","-27,794","46,568","43,047","3,521","-24,274","1,368,669","1,334,738","33,931","248,691","224,733","23,958","57,888","192,749","174,541","18,208","76,096","-85,683","-100,369"
,ÇRåé,Mar,"146,007","123,798","22,210","426,126","463,699","-37,574","-15,364","39,759","43,350","-3,591","-18,955","1,510,793","1,584,498","-73,705","292,429","286,450","5,979","-67,726","178,234","237,062","-58,828","-126,554","52,362","107,599"
,ÇSåé,Apr,"135,151","141,515","-6,364","359,468","354,467","5,002","-1,363","33,547","40,741","-7,194","-8,556","1,534,227","1,440,079","94,149","237,817","227,728","10,089","104,238","198,698","211,158","-12,460","91,778","-105,600","-100,334"
,ÇTåé,May,"182,190","209,371","-27,182","342,821","311,960","30,861","3,680","38,087","39,958","-1,871","1,809","1,717,264","1,687,993","29,272","204,760","195,814","8,945","38,217","199,979","207,139","-7,160","31,058","-34,538","-29,249"
,ÇUåé,Jun,"187,480","187,991",-512,"348,202","348,382",-180,-692,"39,698","37,745","1,954","1,262","2,086,949","2,116,860","-29,911","240,770","265,664","-24,894","-54,805","191,678","232,591","-40,914","-95,718","54,113","96,981"
,ÇVåé,Jul,"141,831","140,136","1,695","373,506","369,849","3,657","5,351","51,365","43,111","8,254","13,605","1,902,421","1,889,438","12,983","266,913","280,079","-13,167",-184,"196,767","209,690","-12,923","-13,106","5,535","26,711"
,ÇWåé,Aug,"148,903","135,920","12,983","392,691","394,122","-1,430","11,552","34,314","44,501","-10,187","1,366","1,599,653","1,601,393","-1,740","215,015","221,856","-6,841","-8,581","138,000","187,658","-49,658","-58,239","20,133","59,604"
,ÇXåé,Sep,,,,,,,,,,,,,,,,,,,,,,,,
,10åé,Oct,,,,,,,,,,,,,,,,,,,,,,,,
,11åé,Nov,,,,,,,,,,,,,,,,,,,,,,,,
,12åé,Dec,,,,,,,,,,,,,,,,,,,,,,,,
2005îN(1åéÅ`12åéÅj  2005CY,,,"157,808","142,871","14,936","1,203,064","1,044,542","158,522","173,458","84,561","91,303","-6,742","166,716","1,675,176","1,548,934","126,241","873,775","811,451","62,324","188,565","304,477","303,632",845,"189,410","-15,107","-22,694"
2006îN(1åéÅ`12åéÅj  2006CY,,,"179,418","164,387","15,032","1,021,127","969,348","51,779","66,811","94,237","101,852","-7,616","59,195","2,671,452","2,590,472","80,981","1,035,501","970,532","64,969","145,950","468,250","432,617","35,633","181,584","-79,139","-122,388"
2007îN(1åéÅ`12åéÅj  2007CY,,,"259,107","257,529","1,579","1,313,695","1,260,708","52,987","54,565","114,050","117,247","-3,196","51,369","3,371,648","3,330,228","41,419","1,123,120","1,023,179","99,941","141,360","517,495","424,149","93,347","234,707","-86,795","-183,338"
2008îN(1åéÅ`12åéÅj  2008CY,,,"268,421","207,235","61,186","1,548,929","1,496,688","52,240","113,426","94,622","92,330","2,292","115,718","2,640,366","2,714,152","-73,786","895,747","933,021","-37,274","-111,060","1,159,941","1,145,285","14,655","-96,405","224,486","212,123"
2009îN(1åéÅ`12åéÅj  2009CY,,,"213,231","178,372","34,859","1,245,996","1,124,341","121,656","156,514","68,900","59,613","9,287","165,801","1,453,977","1,453,694",283,"504,203","574,104","-69,900","-69,617","1,201,723","1,231,328","-29,604","-99,222","226,132","265,023"
2010îN(1åéÅ`12åéÅj  2010CY,,,"205,441","190,457","14,984","1,571,055","1,351,627","219,428","234,412","60,595","58,655","1,940","236,352","1,736,099","1,717,710","18,389","695,100","688,976","6,125","24,513","1,350,786","1,283,768","67,019","91,532","209,899","144,820"
2011îN(1åéÅ`12åéÅj  2011CY,,,"177,930","173,152","4,779","1,375,085","1,316,065","59,020","63,799","54,544","60,407","-5,863","57,936","1,974,084","1,971,556","2,528","884,363","838,985","45,379","47,906","1,644,188","1,476,792","167,395","215,301","15,893","-157,365"
2012îN(1åéÅ`12åéÅj  2012CY,,,"151,406","171,940","-20,535","1,683,007","1,519,992","163,015","142,481","70,701","71,430",-729,"141,752","1,867,789","1,846,517","21,272","811,683","790,007","21,676","42,948","1,795,098","1,763,681","31,418","74,366","99,533","67,386"
2013îN(1åéÅ`12åéÅj  2013CY,,,"186,116","249,105","-62,989","1,900,022","1,928,051","-28,029","-91,018","107,715","111,717","-4,002","-95,020","3,942,020","3,783,603","158,416","838,677","873,965","-35,288","123,128","1,795,539","1,773,069","22,471","145,599","-214,146","-240,619"
2014îN(1åéÅ`12åéÅj  2014CY,,,"438,705","397,194","41,511","2,918,889","2,909,221","9,668","51,179","118,317","108,451","9,866","61,045","4,115,951","4,089,468","26,483","762,694","676,154","86,540","113,022","2,037,380","2,029,138","8,243","121,265","-61,844","-60,220"
2015îN(1åéÅ`12åéÅj  2015CY,,,"510,260","375,749","134,510","3,526,456","3,408,515","117,941","252,451","166,666","156,677","9,988","262,440","5,231,108","5,228,502","2,606","802,426","727,168","75,258","77,865","2,134,107","2,035,957","98,150","176,014","174,587","86,425"
2016îN(1åéÅ`12åéÅj  2016CY,,,"472,922","411,211","61,710","3,755,544","3,545,995","209,549","271,259","218,683","226,853","-8,170","263,089","4,955,097","5,011,755","-56,658","965,053","921,289","43,764","-12,894","2,108,741","2,116,901","-8,160","-21,055","284,154","284,144"
2017îN(1åéÅ`12åéÅj  2017CY,,,"555,459","455,111","100,348","3,119,717","3,108,500","11,217","111,565","501,486","494,849","6,637","118,202","5,167,744","5,162,228","5,515","803,430","761,290","42,140","47,656","2,082,901","2,044,087","38,814","86,470","63,909","31,732"
2018îN(1åéÅ`12åéÅj  2018CY,,,"614,374","535,634","78,739","3,577,175","3,480,951","96,223","174,963","636,852","631,667","5,185","180,147","5,817,386","5,877,281","-59,896","841,269","817,331","23,938","-35,958","2,332,901","2,247,612","85,289","49,332","210,920","130,816"
2019îN(1åéÅ`12åéÅj  2019CY,,,"556,274","530,080","26,194","5,267,074","5,088,502","178,572","204,766","317,390","323,709","-6,319","198,447","4,776,114","4,779,757","-3,643","1,081,377","981,491","99,886","96,243","2,365,650","2,416,484","-50,834","45,409","108,523","153,038"
2020îN(1åéÅ`12åéÅj  2020CY,,,"754,128","793,722","-39,595","4,922,708","4,715,628","207,081","167,486","245,305","235,099","10,206","177,692","5,712,328","5,805,004","-92,676","1,043,869","1,069,475","-25,607","-118,283","2,971,982","2,755,597","216,385","98,102","285,769","79,590"
2021îN(1åéÅ`12åéÅj  2021CY,,,"772,720","808,230","-35,510","4,861,928","4,835,652","26,276","-9,235","275,467","281,220","-5,753","-14,988","6,267,370","6,252,711","14,659","1,290,942","1,166,715","124,227","138,886","3,109,664","3,095,224","14,440","153,326","-148,121","-168,314"
2022îN(1åéÅ`12åéÅj  2022CY,,,"880,357","844,733","35,625","4,390,873","4,608,291","-217,418","-181,793","376,949","389,643","-12,694","-194,487","6,884,092","6,892,983","-8,891","1,713,749","1,821,620","-107,871","-116,762","3,160,502","3,084,293","76,210","-40,552","-65,031","-153,935"
2023îN(1åéÅ`12åéÅj  2023CY,,,"844,552","873,509","-28,957","4,424,313","4,228,532","195,781","166,824","468,219","460,140","8,079","174,903","7,780,282","7,750,194","30,088","2,277,927","2,330,207","-52,279","-22,191","3,568,414","3,634,856","-66,442","-88,634","189,015","263,536"
2024îN(1åéÅ`12åéÅj  2024CY,,,"1,216,008","1,250,813","-34,805","5,151,050","5,109,168","41,882","7,077","403,465","403,728",-263,"6,814","10,034,777","10,022,517","12,260","2,688,656","2,662,008","26,647","38,908","2,898,387","3,047,026","-148,639","-109,731","-31,830","116,546"
2025îN(1åéÅ`12åéÅj  2025CY,,,"1,416,915","1,399,839","17,075","4,876,554","4,756,381","120,173","137,248","421,875","406,149","15,725","152,974","11,131,021","11,052,522","78,498","2,762,999","2,618,052","144,947","223,445","2,428,713","2,412,949","15,764","239,209","-86,197","-86,235"
2005îN4åéÅ`2006îN3åé  2005FY,,,"168,683","154,500","14,182","1,183,802","1,049,951","133,851","148,034","87,408","91,078","-3,670","144,363","2,073,732","1,940,608","133,124","941,534","891,380","50,154","183,278","307,835","297,024","10,811","194,089","-35,245","-49,726"
2006îN4åéÅ`2007îN3åé  2006FY,,,"193,375","176,711","16,664","1,001,368","939,955","61,413","78,077","93,064","100,225","-7,161","70,916","2,795,130","2,714,280","80,850","1,023,266","923,133","100,132","180,982","474,122","449,026","25,095","206,078","-102,905","-135,162"
2007îN4åéÅ`2008îN3åé  2007FY,,,"270,593","256,985","13,608","1,517,731","1,396,863","120,868","134,476","119,143","123,173","-4,030","130,445","3,330,216","3,356,334","-26,117","1,148,748","1,103,707","45,041","18,924","681,317","581,146","100,170","119,094","115,551","11,351"
2008îN4åéÅ`2009îN3åé  2008FY,,,"256,532","184,709","71,822","1,436,184","1,368,990","67,193","139,016","85,049","76,536","8,514","147,529","2,164,852","2,246,627","-81,775","722,744","758,423","-35,678","-117,453","1,159,001","1,141,533","17,469","-99,985","256,469","247,514"
2009îN4åéÅ`2010îN3åé  2009FY,,,"206,875","194,359","12,516","1,239,820","1,148,587","91,233","103,749","64,143","61,816","2,328","106,077","1,529,953","1,469,430","60,523","527,105","599,864","-72,758","-12,235","1,266,657","1,311,776","-45,119","-57,355","115,984","163,431"
2010îN4åéÅ`2011îN3åé  2010FY,,,"198,395","190,578","7,817","1,561,811","1,325,401","236,411","244,228","63,359","60,948","2,411","246,639","1,961,410","1,935,008","26,402","756,677","720,702","35,976","62,377","1,411,666","1,292,823","118,843","181,220","181,851","65,418"
2011îN4åéÅ`2012îN3åé  2011FY,,,"170,792","172,294","-1,502","1,444,696","1,368,862","75,833","74,331","53,130","58,801","-5,672","68,660","1,848,394","1,859,937","-11,542","903,166","893,063","10,102","-1,440","1,733,492","1,603,510","129,982","128,542","75,771","-59,882"
2012îN4åéÅ`2013îN3åé  2012FY,,,"158,963","206,066","-47,103","1,714,619","1,643,253","71,367","24,264","77,425","81,315","-3,891","20,373","2,181,513","2,136,639","44,874","756,025","729,484","26,541","71,415","1,801,326","1,776,399","24,927","96,342","-47,151","-75,969"
2013îN4åéÅ`2014îN3åé  2013FY,,,"230,885","265,122","-34,237","1,933,955","1,982,516","-48,561","-82,798","108,623","107,649",973,"-81,824","4,191,795","4,096,037","95,758","840,529","865,528","-25,000","70,758","1,844,758","1,811,311","33,447","104,205","-153,556","-186,030"
2014îN4åéÅ`2015îN3åé  2014FY,,,"487,435","390,044","97,391","3,465,367","3,359,572","105,795","203,187","141,431","128,110","13,321","216,508","4,303,906","4,249,719","54,187","796,490","692,707","103,783","157,970","2,049,469","2,008,262","41,206","199,176","45,217","17,332"
2015îN4åéÅ`2016îN3åé  2015FY,,,"494,388","379,441","114,947","3,575,664","3,413,408","162,255","277,202","190,384","184,358","6,026","283,228","5,385,272","5,449,579","-64,308","873,603","805,099","68,505","4,197","2,141,796","2,096,805","44,991","49,187","273,005","234,041"
2016îN4åéÅ`2017îN3åé  2016FY,,,"475,561","439,465","36,097","3,609,791","3,517,900","91,890","127,987","220,769","227,841","-7,072","120,915","4,732,682","4,744,826","-12,144","908,261","864,915","43,346","31,201","2,077,529","2,057,842","19,686","50,888","96,786","70,027"
2017îN4åéÅ`2018îN3åé  2017FY,,,"582,047","479,639","102,408","3,082,153","3,041,861","40,292","142,700","598,035","585,066","12,969","155,669","5,548,792","5,559,758","-10,966","775,237","763,438","11,799",833,"2,103,738","2,084,717","19,020","19,854","141,867","135,815"
2018îN4åéÅ`2019îN3åé  2018FY,,,"589,613","518,927","70,686","3,993,479","3,818,282","175,196","245,882","552,703","557,117","-4,414","241,468","5,443,267","5,512,436","-69,168","944,641","843,327","101,314","32,145","2,374,586","2,297,665","76,921","109,066","213,737","132,402"
2019îN4åéÅ`2020îN3åé  2019FY,,,"620,190","565,386","54,804","5,408,381","5,225,426","182,954","237,758","291,812","294,289","-2,476","235,282","5,156,017","5,172,724","-16,707","1,097,219","1,056,137","41,081","24,374","2,457,642","2,488,022","-30,380","-6,006","213,384","241,288"
2020îN4åéÅ`2021îN3åé  2020FY,,,"761,330","850,179","-88,850","4,892,505","4,759,543","132,962","44,112","267,573","260,151","7,422","51,534","5,744,092","5,772,505","-28,413","1,047,009","1,090,065","-43,056","-71,469","3,159,433","2,937,544","221,889","150,420","115,581","-98,886"
2021îN4åéÅ`2022îN3åé  2021FY,,,"796,445","814,224","-17,779","4,675,669","4,706,681","-31,012","-48,791","269,947","276,464","-6,517","-55,308","6,447,944","6,466,130","-18,185","1,354,263","1,233,026","121,237","103,052","2,936,467","2,974,264","-37,797","65,255","-151,842","-120,562"
2022îN4åéÅ`2023îN3åé  2022FY,,,"849,690","810,448","39,242","4,403,751","4,472,549","-68,798","-29,556","434,703","442,033","-7,330","-36,886","6,737,711","6,754,645","-16,933","1,886,929","1,986,599","-99,671","-116,604","3,433,673","3,319,438","114,235","-2,369","87,048","-34,517"
2023îN4åéÅ`2024îN3åé  2023FY,,,"919,913","950,150","-30,237","4,441,253","4,307,787","133,466","103,230","427,856","414,729","13,126","116,356","8,665,989","8,585,479","80,510","2,405,093","2,424,909","-19,817","60,693","3,476,131","3,477,956","-1,825","58,868","42,537","57,488"
2024îN4åéÅ`2025îN3åé  2024FY,,,"1,292,419","1,290,278","2,141","5,407,668","5,379,932","27,736","29,877","417,226","415,601","1,625","31,502","9,918,170","9,971,628","-53,458","2,784,765","2,712,165","72,600","19,142","2,681,854","2,913,211","-231,357","-212,215","10,735","243,718"
2025îN4åéÅ`2026îN3åé  2025FY,,,"1,451,381","1,432,456","18,924","4,536,089","4,508,163","27,925","46,850","439,241","435,131","4,110","50,960","12,723,123","12,604,865","118,258","2,822,083","2,659,357","162,727","280,985","2,370,144","2,346,094","24,050","305,035","-234,135","-254,075"
,,,,,,,,,,,,,,,,,,,,,,,,,,
ÅiîıçlÅj,á@ïΩê¨26îN1åéÇÊÇËÅAìäéëÉtÉ@ÉìÉhÇ…åWÇÈéÊà¯Ç…Ç¬Ç¢ÇƒÇÕÅAÇªÇÍÇ‹Ç≈íÜí∑ä˙ç¬Ç…ä‹Ç‹ÇÍÇΩå_ñÒå^ìäéëêMëıÅiÉIÅ[ÉvÉìÉGÉìÉhå^ÅjÇ‡ä‹ÇﬂÅAÅuäîéÆÅEìäéëÉtÉ@ÉìÉhéùï™ÅvÇ…åvè„Ç≥ÇÍÇÈÅB,,,,,,,,,,,,,,,,,,,,,,,,,
,áAéléÃå‹ì¸ÇÃÇΩÇﬂÅAçáåvÇ…çáÇÌÇ»Ç¢Ç±Ç∆Ç™Ç†ÇÈÅB,,,,,,,,,,,,,,,,,,,,,,,,,
,áBÉlÉbÉgÇÃÉvÉâÉXÅiÅ{ÅjÇÕéÊìæí¥ÅAÉ}ÉCÉiÉXÅiÅ|ÅjÇÕèàï™í¥Çï\Ç∑ÅB,,,,,,,,,,,,,,,,,,,,,,,,,
   (Note 1),"Transactions related to investment funds will be recorded under theÅ@new items ""Equity and investment fund shares"" starting from January 2014.",,,,,,,,,,,,,,,,,,,,,,,,,
   (Note 2),Totals may not add due to rounding.,,,,,,,,,,,,,,,,,,,,,,,,,
   (Note 3),International Transactions in Securities show net aquisition with a plus sign(Å{) and net disposition with a minus sign(Å|).,,,,,,,,,,,,,,,,,,,,,,,,,
