FREQ,L_MEASURE,L_POSITION,L_INSTR,L_DENOM,L_CURR_TYPE,L_PARENT_CTY,L_REP_BANK_TYPE,L_REP_CTY,L_CP_SECTOR,L_CP_COUNTRY,L_POS_TYPE,DECIMALS,UNIT_MEASURE,UNIT_MULT,AVAILABILITY,TITLE_GRP,TIME_FORMAT,COLLECTION,ORG_VISIBILITY,TIME_PERIOD,OBS_VALUE,OBS_STATUS,OBS_CONF,OBS_PRE_BREAK
Q,S,C,A,TO1,A,5J,A,JP,A,AN,N,3,USD,6,K,,,E,E,2010-Q3,5938.0,A,F,
Q,S,C,A,TO1,A,5J,A,JP,A,AN,N,3,USD,6,K,,,E,E,2010-Q4,NaN,B,F,4398.000
Q,S,C,A,TO1,A,5J,A,JP,A,AT,N,3,USD,6,K,,,E,E,2025-Q4,10044.698,A,F,
Q,S,C,A,TO1,A,5J,A,JP,A,AT,N,3,USD,6,K,,,E,E,2026-Q1,10346.219,A,F,
Q,S,C,A,TO1,A,5J,A,JP,A,AR,N,3,USD,6,K,,,E,E,2025-Q4,211.771,A,F,
Q,S,C,A,TO1,A,5J,A,JP,A,AR,N,3,USD,6,K,,,E,E,2026-Q1,195.871,A,F,
Q,S,C,A,TO1,A,5J,A,JP,A,AM,N,3,USD,6,K,,,E,E,2025-Q4,7.4,A,F,
Q,S,C,A,TO1,A,5J,A,JP,A,AM,N,3,USD,6,K,,,E,E,2026-Q1,7.4,A,F,
Q,S,C,A,TO1,A,5J,A,JP,A,AL,N,3,USD,6,K,,,E,E,2025-Q3,1.404,A,F,
Q,S,C,A,TO1,A,5J,A,JP,A,AL,N,3,USD,6,K,,,E,E,2025-Q4,0.2,A,F,
Q,S,C,A,TO1,A,5J,A,JP,A,AE,N,3,USD,6,K,,,E,E,2025-Q4,7729.704,A,F,
Q,S,C,A,TO1,A,5J,A,JP,A,AE,N,3,USD,6,K,,,E,E,2026-Q1,7668.885,A,F,
Q,S,C,A,TO1,A,5J,A,JP,A,DZ,N,3,USD,6,K,,,E,E,2025-Q4,0.785,A,F,
Q,S,C,A,TO1,A,5J,A,JP,A,DZ,N,3,USD,6,K,,,E,E,2026-Q1,0.098,A,F,
Q,S,C,A,TO1,A,5J,A,JP,A,EE,N,3,USD,6,K,,,E,E,2025-Q4,28.659,A,F,
Q,S,C,A,TO1,A,5J,A,JP,A,EE,N,3,USD,6,K,,,E,E,2026-Q1,28.305,A,F,
Q,S,C,A,TO1,A,5J,A,JP,A,EC,N,3,USD,6,K,,,E,E,2025-Q4,52.512,A,F,
Q,S,C,A,TO1,A,5J,A,JP,A,EC,N,3,USD,6,K,,,E,E,2026-Q1,76.242,A,F,
Q,S,C,A,TO1,A,5J,A,JP,A,DE,N,3,USD,6,K,,,E,E,2025-Q4,120693.308,A,F,
Q,S,C,A,TO1,A,5J,A,JP,A,DE,N,3,USD,6,K,,,E,E,2026-Q1,128644.097,A,F,
Q,S,C,A,TO1,A,5J,A,JP,A,DK,N,3,USD,6,K,,,E,E,2025-Q4,12946.291,A,F,
Q,S,C,A,TO1,A,5J,A,JP,A,DK,N,3,USD,6,K,,,E,E,2026-Q1,11736.651,A,F,
Q,S,C,A,TO1,A,5J,A,JP,A,CW,N,3,USD,6,K,,,E,E,2025-Q4,765.797,A,F,
Q,S,C,A,TO1,A,5J,A,JP,A,CW,N,3,USD,6,K,,,E,E,2026-Q1,963.996,A,F,
Q,S,C,A,TO1,A,5J,A,JP,A,DD,N,3,USD,6,K,,,E,E,1990-Q1,1014.0,A,F,
Q,S,C,A,TO1,A,5J,A,JP,A,DD,N,3,USD,6,K,,,E,E,1990-Q2,1062.0,A,F,
Q,S,C,A,TO1,A,5J,A,JP,A,CZ,N,3,USD,6,K,,,E,E,2025-Q4,617.532,A,F,
Q,S,C,A,TO1,A,5J,A,JP,A,CZ,N,3,USD,6,K,,,E,E,2026-Q1,713.611,A,F,
Q,S,C,A,TO1,A,5J,A,JP,A,CS,N,3,USD,6,K,,,E,E,2006-Q3,43.0,A,F,
Q,S,C,A,TO1,A,5J,A,JP,A,CS,N,3,USD,6,K,,,E,E,2006-Q4,NaN,B,F,NaN
Q,S,C,A,TO1,A,5J,A,JP,A,CR,N,3,USD,6,K,,,E,E,2025-Q4,71.214,A,F,
Q,S,C,A,TO1,A,5J,A,JP,A,CR,N,3,USD,6,K,,,E,E,2026-Q1,90.245,A,F,
Q,S,C,A,TO1,A,5J,A,JP,A,CU,N,3,USD,6,K,,,E,E,2019-Q4,3.661,A,F,
Q,S,C,A,TO1,A,5J,A,JP,A,CU,N,3,USD,6,K,,,E,E,2022-Q2,666.726,A,F,
Q,S,C,A,TO1,A,5J,A,JP,A,GB,N,3,USD,6,K,,,E,E,2025-Q4,453762.68,A,F,
Q,S,C,A,TO1,A,5J,A,JP,A,GB,N,3,USD,6,K,,,E,E,2026-Q1,458048.538,A,F,
Q,S,C,A,TO1,A,5J,A,JP,A,GG,N,3,USD,6,K,,,E,E,2025-Q4,1081.971,A,F,
Q,S,C,A,TO1,A,5J,A,JP,A,GG,N,3,USD,6,K,,,E,E,2026-Q1,1104.567,A,F,
Q,S,C,A,TO1,A,5J,A,JP,A,GE,N,3,USD,6,K,,,E,E,2025-Q4,2.506,A,F,
Q,S,C,A,TO1,A,5J,A,JP,A,GE,N,3,USD,6,K,,,E,E,2026-Q1,3.176,A,F,
Q,S,C,A,TO1,A,5J,A,JP,A,GA,N,3,USD,6,K,,,E,E,2025-Q4,7.961,A,F,
Q,S,C,A,TO1,A,5J,A,JP,A,GA,N,3,USD,6,K,,,E,E,2026-Q1,9.022,A,F,
Q,S,C,A,TO1,A,5J,A,JP,A,FR,N,3,USD,6,K,,,E,E,2025-Q4,204303.171,A,F,
Q,S,C,A,TO1,A,5J,A,JP,A,FR,N,3,USD,6,K,,,E,E,2026-Q1,194908.999,A,F,
Q,S,C,A,TO1,A,5J,A,JP,A,ES,N,3,USD,6,K,,,E,E,2025-Q4,47455.132,A,F,
Q,S,C,A,TO1,A,5J,A,JP,A,ES,N,3,USD,6,K,,,E,E,2026-Q1,47939.187,A,F,
Q,S,C,A,TO1,A,5J,A,JP,A,EG,N,3,USD,6,K,,,E,E,2025-Q4,801.744,A,F,
Q,S,C,A,TO1,A,5J,A,JP,A,EG,N,3,USD,6,K,,,E,E,2026-Q1,759.764,A,F,
Q,S,C,A,TO1,A,5J,A,JP,A,FJ,N,3,USD,6,K,,,E,E,2025-Q4,0.583,A,F,
Q,S,C,A,TO1,A,5J,A,JP,A,FJ,N,3,USD,6,K,,,E,E,2026-Q1,1.083,A,F,
Q,S,C,A,TO1,A,5J,A,JP,A,FI,N,3,USD,6,K,,,E,E,2025-Q4,8628.993,A,F,
Q,S,C,A,TO1,A,5J,A,JP,A,FI,N,3,USD,6,K,,,E,E,2026-Q1,8995.478,A,F,
Q,S,C,A,TO1,A,5J,A,JP,A,ET,N,3,USD,6,K,,,E,E,2025-Q3,0.496,A,F,
Q,S,C,A,TO1,A,5J,A,JP,A,ET,N,3,USD,6,K,,,E,E,2026-Q1,0.491,A,F,
Q,S,C,A,TO1,A,5J,A,JP,A,BM,N,3,USD,6,K,,,E,E,2025-Q4,20002.232,A,F,
Q,S,C,A,TO1,A,5J,A,JP,A,BM,N,3,USD,6,K,,,E,E,2026-Q1,20598.37,A,F,
Q,S,C,A,TO1,A,5J,A,JP,A,BO,N,3,USD,6,K,,,E,E,2025-Q4,1.0,A,F,
Q,S,C,A,TO1,A,5J,A,JP,A,BO,N,3,USD,6,K,,,E,E,2026-Q1,0.8,A,F,
Q,S,C,A,TO1,A,5J,A,JP,A,BH,N,3,USD,6,K,,,E,E,2025-Q4,157.32,A,F,
Q,S,C,A,TO1,A,5J,A,JP,A,BH,N,3,USD,6,K,,,E,E,2026-Q1,148.673,A,F,
Q,S,C,A,TO1,A,5J,A,JP,A,BG,N,3,USD,6,K,,,E,E,2025-Q4,86.289,A,F,
Q,S,C,A,TO1,A,5J,A,JP,A,BG,N,3,USD,6,K,,,E,E,2026-Q1,84.689,A,F,
Q,S,C,A,TO1,A,5J,A,JP,A,BE,N,3,USD,6,K,,,E,E,2025-Q4,36933.01,A,F,
Q,S,C,A,TO1,A,5J,A,JP,A,BE,N,3,USD,6,K,,,E,E,2026-Q1,39791.812,A,F,
Q,S,C,A,TO1,A,5J,A,JP,A,AU,N,3,USD,6,K,,,E,E,2025-Q4,102498.017,A,F,
Q,S,C,A,TO1,A,5J,A,JP,A,AU,N,3,USD,6,K,,,E,E,2026-Q1,104971.874,A,F,
Q,S,C,A,TO1,A,5J,A,JP,A,AZ,N,3,USD,6,K,,,E,E,2025-Q4,12.1,A,F,
Q,S,C,A,TO1,A,5J,A,JP,A,AZ,N,3,USD,6,K,,,E,E,2026-Q1,4.6,A,F,
Q,S,C,A,TO1,A,5J,A,JP,A,CL,N,3,USD,6,K,,,E,E,2025-Q4,1888.33,A,F,
Q,S,C,A,TO1,A,5J,A,JP,A,CL,N,3,USD,6,K,,,E,E,2026-Q1,2035.941,A,F,
Q,S,C,A,TO1,A,5J,A,JP,A,CO,N,3,USD,6,K,,,E,E,2025-Q4,500.482,A,F,
Q,S,C,A,TO1,A,5J,A,JP,A,CO,N,3,USD,6,K,,,E,E,2026-Q1,553.47,A,F,
Q,S,C,A,TO1,A,5J,A,JP,A,CN,N,3,USD,6,K,,,E,E,2025-Q4,53458.303,A,F,
Q,S,C,A,TO1,A,5J,A,JP,A,CN,N,3,USD,6,K,,,E,E,2026-Q1,55097.015,A,F,
Q,S,C,A,TO1,A,5J,A,JP,A,CI,N,3,USD,6,K,,,E,E,2025-Q4,200.624,A,F,
Q,S,C,A,TO1,A,5J,A,JP,A,CI,N,3,USD,6,K,,,E,E,2026-Q1,189.411,A,F,
Q,S,C,A,TO1,A,5J,A,JP,A,CH,N,3,USD,6,K,,,E,E,2025-Q4,32072.667,A,F,
Q,S,C,A,TO1,A,5J,A,JP,A,CH,N,3,USD,6,K,,,E,E,2026-Q1,35016.758,A,F,
Q,S,C,A,TO1,A,5J,A,JP,A,C9,N,3,USD,6,K,,,E,E,2003-Q1,9.0,A,F,
Q,S,C,A,TO1,A,5J,A,JP,A,C9,N,3,USD,6,K,,,E,E,2003-Q2,8.0,A,F,
Q,S,C,A,TO1,A,5J,A,JP,A,BY,N,3,USD,6,K,,,E,E,2022-Q2,0.7,A,F,
Q,S,C,A,TO1,A,5J,A,JP,A,BY,N,3,USD,6,K,,,E,E,2022-Q3,0.2,A,F,
Q,S,C,A,TO1,A,5J,A,JP,A,CD,N,3,USD,6,K,,,E,E,2013-Q3,100.0,A,F,
Q,S,C,A,TO1,A,5J,A,JP,A,CD,N,3,USD,6,K,,,E,E,2026-Q1,0.2,A,F,
Q,S,C,A,TO1,A,5J,A,JP,A,CA,N,3,USD,6,K,,,E,E,2025-Q4,79846.467,A,F,
Q,S,C,A,TO1,A,5J,A,JP,A,CA,N,3,USD,6,K,,,E,E,2026-Q1,87713.3,A,F,
Q,S,C,A,TO1,A,5J,A,JP,A,BS,N,3,USD,6,K,,,E,E,2025-Q4,318.208,A,F,
Q,S,C,A,TO1,A,5J,A,JP,A,BS,N,3,USD,6,K,,,E,E,2026-Q1,304.182,A,F,
Q,S,C,A,TO1,A,5J,A,JP,A,BR,N,3,USD,6,K,,,E,E,2025-Q4,8153.332,A,F,
Q,S,C,A,TO1,A,5J,A,JP,A,BR,N,3,USD,6,K,,,E,E,2026-Q1,9512.404,A,F,
Q,S,C,A,TO1,A,5J,A,JP,A,1C,N,3,USD,6,K,,,E,E,2025-Q4,17171.929,A,F,
Q,S,C,A,TO1,A,5J,A,JP,A,1C,N,3,USD,6,K,,,E,E,2026-Q1,14873.514,A,F,
Q,S,C,A,TO1,A,5J,A,JP,A,5J,N,3,USD,6,K,,,E,E,2025-Q4,5098591.486,A,F,
Q,S,C,A,TO1,A,5J,A,JP,A,5J,N,3,USD,6,K,,,E,E,2026-Q1,5257195.619,A,F,
Q,S,C,A,TO1,A,5J,A,JP,A,2T,N,3,USD,6,K,,,E,E,2003-Q1,1.0,A,F,
Q,S,C,A,TO1,A,5J,A,JP,A,2T,N,3,USD,6,K,,,E,E,2003-Q2,1.0,A,F,
Q,S,C,A,TO1,A,5J,A,JP,A,2U,N,3,USD,6,K,,,E,E,2000-Q4,13.0,A,F,
Q,S,C,A,TO1,A,5J,A,JP,A,2U,N,3,USD,6,K,,,E,E,2001-Q1,11.0,A,F,
Q,S,C,A,TO1,A,5J,A,JP,A,MA,N,3,USD,6,K,,,E,E,2025-Q4,158.744,A,F,
Q,S,C,A,TO1,A,5J,A,JP,A,MA,N,3,USD,6,K,,,E,E,2026-Q1,144.589,A,F,
Q,S,C,A,TO1,A,5J,A,JP,A,LY,N,3,USD,6,K,,,E,E,2025-Q4,18.42,A,F,
Q,S,C,A,TO1,A,5J,A,JP,A,LY,N,3,USD,6,K,,,E,E,2026-Q1,5.112,A,F,
Q,S,C,A,TO1,A,5J,A,JP,A,MD,N,3,USD,6,K,,,E,E,1994-Q1,2.0,A,F,
Q,S,C,A,TO1,A,5J,A,JP,A,MD,N,3,USD,6,K,,,E,E,1994-Q4,1.0,A,F,
Q,S,C,A,TO1,A,5J,A,JP,A,LT,N,3,USD,6,K,,,E,E,2025-Q4,36.868,A,F,
Q,S,C,A,TO1,A,5J,A,JP,A,LT,N,3,USD,6,K,,,E,E,2026-Q1,45.703,A,F,
Q,S,C,A,TO1,A,5J,A,JP,A,LR,N,3,USD,6,K,,,E,E,2025-Q4,2548.869,A,F,
Q,S,C,A,TO1,A,5J,A,JP,A,LR,N,3,USD,6,K,,,E,E,2026-Q1,2601.531,A,F,
Q,S,C,A,TO1,A,5J,A,JP,A,LV,N,3,USD,6,K,,,E,E,2025-Q4,27.244,A,F,
Q,S,C,A,TO1,A,5J,A,JP,A,LV,N,3,USD,6,K,,,E,E,2026-Q1,25.433,A,F,
Q,S,C,A,TO1,A,5J,A,JP,A,LU,N,3,USD,6,K,,,E,E,2025-Q4,157230.469,A,F,
Q,S,C,A,TO1,A,5J,A,JP,A,LU,N,3,USD,6,K,,,E,E,2026-Q1,160729.417,A,F,
Q,S,C,A,TO1,A,5J,A,JP,A,LB,N,3,USD,6,K,,,E,E,2025-Q4,6.6,A,F,
Q,S,C,A,TO1,A,5J,A,JP,A,LB,N,3,USD,6,K,,,E,E,2026-Q1,6.4,A,F,
Q,S,C,A,TO1,A,5J,A,JP,A,LK,N,3,USD,6,K,,,E,E,2025-Q4,38.826,A,F,
Q,S,C,A,TO1,A,5J,A,JP,A,LK,N,3,USD,6,K,,,E,E,2026-Q1,33.437,A,F,
Q,S,C,A,TO1,A,5J,A,JP,A,NG,N,3,USD,6,K,,,E,E,2025-Q4,191.149,A,F,
Q,S,C,A,TO1,A,5J,A,JP,A,NG,N,3,USD,6,K,,,E,E,2026-Q1,185.666,A,F,
Q,S,C,A,TO1,A,5J,A,JP,A,NE,N,3,USD,6,K,,,E,E,1990-Q4,1.0,A,F,
Q,S,C,A,TO1,A,5J,A,JP,A,NE,N,3,USD,6,K,,,E,E,2007-Q3,1.0,A,F,
Q,S,C,A,TO1,A,5J,A,JP,A,NL,N,3,USD,6,K,,,E,E,2025-Q4,61788.011,A,F,
Q,S,C,A,TO1,A,5J,A,JP,A,NL,N,3,USD,6,K,,,E,E,2026-Q1,62196.769,A,F,
Q,S,C,A,TO1,A,5J,A,JP,A,NI,N,3,USD,6,K,,,E,E,2018-Q2,0.2,A,F,
Q,S,C,A,TO1,A,5J,A,JP,A,NI,N,3,USD,6,K,,,E,E,2023-Q4,0.8,A,F,
Q,S,C,A,TO1,A,5J,A,JP,A,MY,N,3,USD,6,K,,,E,E,2025-Q4,9198.628,A,F,
Q,S,C,A,TO1,A,5J,A,JP,A,MY,N,3,USD,6,K,,,E,E,2026-Q1,9682.731,A,F,
Q,S,C,A,TO1,A,5J,A,JP,A,MX,N,3,USD,6,K,,,E,E,2025-Q4,11731.708,A,F,
Q,S,C,A,TO1,A,5J,A,JP,A,MX,N,3,USD,6,K,,,E,E,2026-Q1,12575.26,A,F,
Q,S,C,A,TO1,A,5J,A,JP,A,MM,N,3,USD,6,K,,,E,E,2025-Q4,458.258,A,F,
Q,S,C,A,TO1,A,5J,A,JP,A,MM,N,3,USD,6,K,,,E,E,2026-Q1,459.781,A,F,
Q,S,C,A,TO1,A,5J,A,JP,A,IM,N,3,USD,6,K,,,E,E,2025-Q4,131.69,A,F,
Q,S,C,A,TO1,A,5J,A,JP,A,IM,N,3,USD,6,K,,,E,E,2026-Q1,114.291,A,F,
Q,S,C,A,TO1,A,5J,A,JP,A,IL,N,3,USD,6,K,,,E,E,2025-Q4,5580.286,A,F,
Q,S,C,A,TO1,A,5J,A,JP,A,IL,N,3,USD,6,K,,,E,E,2026-Q1,6033.45,A,F,
Q,S,C,A,TO1,A,5J,A,JP,A,IQ,N,3,USD,6,K,,,E,E,2025-Q4,1.78,A,F,
Q,S,C,A,TO1,A,5J,A,JP,A,IQ,N,3,USD,6,K,,,E,E,2026-Q1,1.69,A,F,
Q,S,C,A,TO1,A,5J,A,JP,A,IN,N,3,USD,6,K,,,E,E,2025-Q4,37798.826,A,F,
Q,S,C,A,TO1,A,5J,A,JP,A,IN,N,3,USD,6,K,,,E,E,2026-Q1,37348.227,A,F,
Q,S,C,A,TO1,A,5J,A,JP,A,HU,N,3,USD,6,K,,,E,E,2025-Q4,1192.664,A,F,
Q,S,C,A,TO1,A,5J,A,JP,A,HU,N,3,USD,6,K,,,E,E,2026-Q1,1280.36,A,F,
Q,S,C,A,TO1,A,5J,A,JP,A,IE,N,3,USD,6,K,,,E,E,2025-Q4,85445.179,A,F,
Q,S,C,A,TO1,A,5J,A,JP,A,IE,N,3,USD,6,K,,,E,E,2026-Q1,88423.053,A,F,
Q,S,C,A,TO1,A,5J,A,JP,A,ID,N,3,USD,6,K,,,E,E,2025-Q4,18278.584,A,F,
Q,S,C,A,TO1,A,5J,A,JP,A,ID,N,3,USD,6,K,,,E,E,2026-Q1,17725.239,A,F,
Q,S,C,A,TO1,A,5J,A,JP,A,HK,N,3,USD,6,K,,,E,E,2025-Q4,65332.659,A,F,
Q,S,C,A,TO1,A,5J,A,JP,A,HK,N,3,USD,6,K,,,E,E,2026-Q1,59727.158,A,F,
Q,S,C,A,TO1,A,5J,A,JP,A,HR,N,3,USD,6,K,,,E,E,2025-Q4,29.982,A,F,
Q,S,C,A,TO1,A,5J,A,JP,A,HR,N,3,USD,6,K,,,E,E,2026-Q1,36.956,A,F,
Q,S,C,A,TO1,A,5J,A,JP,A,GR,N,3,USD,6,K,,,E,E,2025-Q4,637.409,A,F,
Q,S,C,A,TO1,A,5J,A,JP,A,GR,N,3,USD,6,K,,,E,E,2026-Q1,717.451,A,F,
Q,S,C,A,TO1,A,5J,A,JP,A,KY,N,3,USD,6,K,,,E,E,2025-Q4,738151.665,A,F,
Q,S,C,A,TO1,A,5J,A,JP,A,KY,N,3,USD,6,K,,,E,E,2026-Q1,744099.76,A,F,
Q,S,C,A,TO1,A,5J,A,JP,A,KW,N,3,USD,6,K,,,E,E,2025-Q4,1806.954,A,F,
Q,S,C,A,TO1,A,5J,A,JP,A,KW,N,3,USD,6,K,,,E,E,2026-Q1,1831.932,A,F,
Q,S,C,A,TO1,A,5J,A,JP,A,LA,N,3,USD,6,K,,,E,E,2025-Q4,0.387,A,F,
Q,S,C,A,TO1,A,5J,A,JP,A,LA,N,3,USD,6,K,,,E,E,2026-Q1,65.885,A,F,
Q,S,C,A,TO1,A,5J,A,JP,A,KZ,N,3,USD,6,K,,,E,E,2025-Q4,279.69,A,F,
Q,S,C,A,TO1,A,5J,A,JP,A,KZ,N,3,USD,6,K,,,E,E,2026-Q1,207.735,A,F,
Q,S,C,A,TO1,A,5J,A,JP,A,KR,N,3,USD,6,K,,,E,E,2025-Q4,27191.071,A,F,
Q,S,C,A,TO1,A,5J,A,JP,A,KR,N,3,USD,6,K,,,E,E,2026-Q1,34216.851,A,F,
Q,S,C,A,TO1,A,5J,A,JP,A,KP,N,3,USD,6,K,,,E,E,2004-Q2,1.0,A,F,
Q,S,C,A,TO1,A,5J,A,JP,A,KP,N,3,USD,6,K,,,E,E,2006-Q1,4.0,A,F,
Q,S,C,A,TO1,A,5J,A,JP,A,JO,N,3,USD,6,K,,,E,E,2025-Q4,64.148,A,F,
Q,S,C,A,TO1,A,5J,A,JP,A,JO,N,3,USD,6,K,,,E,E,2026-Q1,56.259,A,F,
Q,S,C,A,TO1,A,5J,A,JP,A,KG,N,3,USD,6,K,,,E,E,2025-Q4,2.0,A,F,
Q,S,C,A,TO1,A,5J,A,JP,A,KG,N,3,USD,6,K,,,E,E,2026-Q1,0.2,A,F,
Q,S,C,A,TO1,A,5J,A,JP,A,KE,N,3,USD,6,K,,,E,E,2025-Q4,75.901,A,F,
Q,S,C,A,TO1,A,5J,A,JP,A,KE,N,3,USD,6,K,,,E,E,2026-Q1,75.255,A,F,
Q,S,C,A,TO1,A,5J,A,JP,A,IS,N,3,USD,6,K,,,E,E,2025-Q4,26.741,A,F,
Q,S,C,A,TO1,A,5J,A,JP,A,IS,N,3,USD,6,K,,,E,E,2026-Q1,25.126,A,F,
Q,S,C,A,TO1,A,5J,A,JP,A,IR,N,3,USD,6,K,,,E,E,2025-Q4,0.29,A,F,
Q,S,C,A,TO1,A,5J,A,JP,A,IR,N,3,USD,6,K,,,E,E,2026-Q1,0.196,A,F,
Q,S,C,A,TO1,A,5J,A,JP,A,JM,N,3,USD,6,K,,,E,E,2025-Q4,8.0,A,F,
Q,S,C,A,TO1,A,5J,A,JP,A,JM,N,3,USD,6,K,,,E,E,2026-Q1,6.4,A,F,
Q,S,C,A,TO1,A,5J,A,JP,A,JE,N,3,USD,6,K,,,E,E,2025-Q4,26927.596,A,F,
Q,S,C,A,TO1,A,5J,A,JP,A,JE,N,3,USD,6,K,,,E,E,2026-Q1,26036.555,A,F,
Q,S,C,A,TO1,A,5J,A,JP,A,IT,N,3,USD,6,K,,,E,E,2025-Q4,61383.344,A,F,
Q,S,C,A,TO1,A,5J,A,JP,A,IT,N,3,USD,6,K,,,E,E,2026-Q1,60758.281,A,F,
Q,S,C,A,TO1,A,5J,A,JP,A,TW,N,3,USD,6,K,,,E,E,2025-Q4,22240.145,A,F,
Q,S,C,A,TO1,A,5J,A,JP,A,TW,N,3,USD,6,K,,,E,E,2026-Q1,30702.487,A,F,
Q,S,C,A,TO1,A,5J,A,JP,A,TT,N,3,USD,6,K,,,E,E,2025-Q4,134.4,A,F,
Q,S,C,A,TO1,A,5J,A,JP,A,TT,N,3,USD,6,K,,,E,E,2026-Q1,131.1,A,F,
Q,S,C,A,TO1,A,5J,A,JP,A,UA,N,3,USD,6,K,,,E,E,2025-Q4,43.297,A,F,
Q,S,C,A,TO1,A,5J,A,JP,A,UA,N,3,USD,6,K,,,E,E,2026-Q1,45.099,A,F,
Q,S,C,A,TO1,A,5J,A,JP,A,TZ,N,3,USD,6,K,,,E,E,2025-Q4,32.593,A,F,
Q,S,C,A,TO1,A,5J,A,JP,A,TZ,N,3,USD,6,K,,,E,E,2026-Q1,28.196,A,F,
Q,S,C,A,TO1,A,5J,A,JP,A,TM,N,3,USD,6,K,,,E,E,2025-Q4,2.1,A,F,
Q,S,C,A,TO1,A,5J,A,JP,A,TM,N,3,USD,6,K,,,E,E,2026-Q1,0.795,A,F,
Q,S,C,A,TO1,A,5J,A,JP,A,TJ,N,3,USD,6,K,,,E,E,2024-Q4,0.7,A,F,
Q,S,C,A,TO1,A,5J,A,JP,A,TJ,N,3,USD,6,K,,,E,E,2025-Q1,0.1,A,F,
Q,S,C,A,TO1,A,5J,A,JP,A,TR,N,3,USD,6,K,,,E,E,2025-Q4,1293.578,A,F,
Q,S,C,A,TO1,A,5J,A,JP,A,TR,N,3,USD,6,K,,,E,E,2026-Q1,1546.436,A,F,
Q,S,C,A,TO1,A,5J,A,JP,A,TH,N,3,USD,6,K,,,E,E,2025-Q4,20234.663,A,F,
Q,S,C,A,TO1,A,5J,A,JP,A,TH,N,3,USD,6,K,,,E,E,2026-Q1,20816.437,A,F,
Q,S,C,A,TO1,A,5J,A,JP,A,SZ,N,3,USD,6,K,,,E,E,2009-Q4,11.0,A,F,
Q,S,C,A,TO1,A,5J,A,JP,A,SZ,N,3,USD,6,K,,,E,E,2019-Q3,9.312,A,F,
Q,S,C,A,TO1,A,5J,A,JP,A,SY,N,3,USD,6,K,,,E,E,2011-Q4,1.0,A,F,
Q,S,C,A,TO1,A,5J,A,JP,A,SY,N,3,USD,6,K,,,E,E,2012-Q1,2.0,A,F,
Q,S,C,A,TO1,A,5J,A,JP,A,ZM,N,3,USD,6,K,,,E,E,2025-Q4,5.9,A,F,
Q,S,C,A,TO1,A,5J,A,JP,A,ZM,N,3,USD,6,K,,,E,E,2026-Q1,3.2,A,F,
Q,S,C,A,TO1,A,5J,A,JP,A,ZA,N,3,USD,6,K,,,E,E,2025-Q4,2493.98,A,F,
Q,S,C,A,TO1,A,5J,A,JP,A,ZA,N,3,USD,6,K,,,E,E,2026-Q1,3515.196,A,F,
Q,S,C,A,TO1,A,5J,A,JP,A,YU,N,3,USD,6,K,,,E,E,1993-Q3,128.0,A,F,
Q,S,C,A,TO1,A,5J,A,JP,A,YU,N,3,USD,6,K,,,E,E,1993-Q4,NaN,B,F,NaN
Q,S,C,A,TO1,A,5J,A,JP,A,YE,N,3,USD,6,K,,,E,E,2025-Q4,0.29,A,F,
Q,S,C,A,TO1,A,5J,A,JP,A,YE,N,3,USD,6,K,,,E,E,2026-Q1,0.098,A,F,
Q,S,C,A,TO1,A,5J,A,JP,A,VE,N,3,USD,6,K,,,E,E,2025-Q4,54.0,A,F,
Q,S,C,A,TO1,A,5J,A,JP,A,VE,N,3,USD,6,K,,,E,E,2026-Q1,61.6,A,F,
Q,S,C,A,TO1,A,5J,A,JP,A,VN,N,3,USD,6,K,,,E,E,2025-Q4,8792.264,A,F,
Q,S,C,A,TO1,A,5J,A,JP,A,VN,N,3,USD,6,K,,,E,E,2026-Q1,8829.813,A,F,
Q,S,C,A,TO1,A,5J,A,JP,A,UY,N,3,USD,6,K,,,E,E,2025-Q4,359.661,A,F,
Q,S,C,A,TO1,A,5J,A,JP,A,UY,N,3,USD,6,K,,,E,E,2026-Q1,305.005,A,F,
Q,S,C,A,TO1,A,5J,A,JP,A,US,N,3,USD,6,K,,,E,E,2025-Q4,2272771.51,A,F,
Q,S,C,A,TO1,A,5J,A,JP,A,US,N,3,USD,6,K,,,E,E,2026-Q1,2379304.268,A,F,
Q,S,C,A,TO1,A,5J,A,JP,A,UZ,N,3,USD,6,K,,,E,E,2025-Q4,267.914,A,F,
Q,S,C,A,TO1,A,5J,A,JP,A,UZ,N,3,USD,6,K,,,E,E,2026-Q1,282.148,A,F,
Q,S,C,A,TO1,A,5J,A,JP,A,PT,N,3,USD,6,K,,,E,E,2025-Q4,5053.582,A,F,
Q,S,C,A,TO1,A,5J,A,JP,A,PT,N,3,USD,6,K,,,E,E,2026-Q1,5154.459,A,F,
Q,S,C,A,TO1,A,5J,A,JP,A,QA,N,3,USD,6,K,,,E,E,2025-Q4,2386.596,A,F,
Q,S,C,A,TO1,A,5J,A,JP,A,QA,N,3,USD,6,K,,,E,E,2026-Q1,2743.344,A,F,
Q,S,C,A,TO1,A,5J,A,JP,A,PK,N,3,USD,6,K,,,E,E,2025-Q4,268.851,A,F,
Q,S,C,A,TO1,A,5J,A,JP,A,PK,N,3,USD,6,K,,,E,E,2026-Q1,215.013,A,F,
Q,S,C,A,TO1,A,5J,A,JP,A,PH,N,3,USD,6,K,,,E,E,2025-Q4,3991.705,A,F,
Q,S,C,A,TO1,A,5J,A,JP,A,PH,N,3,USD,6,K,,,E,E,2026-Q1,4076.114,A,F,
Q,S,C,A,TO1,A,5J,A,JP,A,PL,N,3,USD,6,K,,,E,E,2025-Q4,7638.661,A,F,
Q,S,C,A,TO1,A,5J,A,JP,A,PL,N,3,USD,6,K,,,E,E,2026-Q1,8547.897,A,F,
Q,S,C,A,TO1,A,5J,A,JP,A,PE,N,3,USD,6,K,,,E,E,2025-Q4,369.281,A,F,
Q,S,C,A,TO1,A,5J,A,JP,A,PE,N,3,USD,6,K,,,E,E,2026-Q1,373.115,A,F,
Q,S,C,A,TO1,A,5J,A,JP,A,PA,N,3,USD,6,K,,,E,E,2025-Q4,33430.085,A,F,
Q,S,C,A,TO1,A,5J,A,JP,A,PA,N,3,USD,6,K,,,E,E,2026-Q1,33130.497,A,F,
Q,S,C,A,TO1,A,5J,A,JP,A,PG,N,3,USD,6,K,,,E,E,2025-Q4,41.883,A,F,
Q,S,C,A,TO1,A,5J,A,JP,A,PG,N,3,USD,6,K,,,E,E,2026-Q1,36.287,A,F,
Q,S,C,A,TO1,A,5J,A,JP,A,NP,N,3,USD,6,K,,,E,E,2025-Q4,4.019,A,F,
Q,S,C,A,TO1,A,5J,A,JP,A,NP,N,3,USD,6,K,,,E,E,2026-Q1,3.353,A,F,
Q,S,C,A,TO1,A,5J,A,JP,A,NO,N,3,USD,6,K,,,E,E,2025-Q4,5921.064,A,F,
Q,S,C,A,TO1,A,5J,A,JP,A,NO,N,3,USD,6,K,,,E,E,2026-Q1,6143.772,A,F,
Q,S,C,A,TO1,A,5J,A,JP,A,OM,N,3,USD,6,K,,,E,E,2025-Q4,205.597,A,F,
Q,S,C,A,TO1,A,5J,A,JP,A,OM,N,3,USD,6,K,,,E,E,2026-Q1,161.584,A,F,
Q,S,C,A,TO1,A,5J,A,JP,A,NZ,N,3,USD,6,K,,,E,E,2025-Q4,9205.919,A,F,
Q,S,C,A,TO1,A,5J,A,JP,A,NZ,N,3,USD,6,K,,,E,E,2026-Q1,9101.273,A,F,
Q,S,C,A,TO1,A,5J,A,JP,A,SN,N,3,USD,6,K,,,E,E,2025-Q4,19.66,A,F,
Q,S,C,A,TO1,A,5J,A,JP,A,SN,N,3,USD,6,K,,,E,E,2026-Q1,15.318,A,F,
Q,S,C,A,TO1,A,5J,A,JP,A,SU,N,3,USD,6,K,,,E,E,1993-Q3,2605.0,A,F,
Q,S,C,A,TO1,A,5J,A,JP,A,SU,N,3,USD,6,K,,,E,E,1993-Q4,NaN,B,F,NaN
Q,S,C,A,TO1,A,5J,A,JP,A,SK,N,3,USD,6,K,,,E,E,2025-Q4,72.764,A,F,
Q,S,C,A,TO1,A,5J,A,JP,A,SK,N,3,USD,6,K,,,E,E,2026-Q1,72.557,A,F,
Q,S,C,A,TO1,A,5J,A,JP,A,SI,N,3,USD,6,K,,,E,E,2025-Q4,232.473,A,F,
Q,S,C,A,TO1,A,5J,A,JP,A,SI,N,3,USD,6,K,,,E,E,2026-Q1,203.367,A,F,
Q,S,C,A,TO1,A,5J,A,JP,A,SD,N,3,USD,6,K,,,E,E,1979-Q2,5.0,A,F,
Q,S,C,A,TO1,A,5J,A,JP,A,SG,N,3,USD,6,K,,,E,E,2025-Q4,110891.451,A,F,
Q,S,C,A,TO1,A,5J,A,JP,A,SG,N,3,USD,6,K,,,E,E,2026-Q1,116398.863,A,F,
Q,S,C,A,TO1,A,5J,A,JP,A,SE,N,3,USD,6,K,,,E,E,2025-Q4,13778.802,A,F,
Q,S,C,A,TO1,A,5J,A,JP,A,SE,N,3,USD,6,K,,,E,E,2026-Q1,15151.433,A,F,
Q,S,C,A,TO1,A,5J,A,JP,A,RU,N,3,USD,6,K,,,E,E,2025-Q4,2452.899,A,F,
Q,S,C,A,TO1,A,5J,A,JP,A,RU,N,3,USD,6,K,,,E,E,2026-Q1,1392.515,A,F,
Q,S,C,A,TO1,A,5J,A,JP,A,RS,N,3,USD,6,K,,,E,E,2025-Q4,54.475,A,F,
Q,S,C,A,TO1,A,5J,A,JP,A,RS,N,3,USD,6,K,,,E,E,2026-Q1,51.14,A,F,
Q,S,C,A,TO1,A,5J,A,JP,A,RO,N,3,USD,6,K,,,E,E,2025-Q4,511.992,A,F,
Q,S,C,A,TO1,A,5J,A,JP,A,RO,N,3,USD,6,K,,,E,E,2026-Q1,506.75,A,F,
Q,S,C,A,TO1,A,5J,A,JP,A,SA,N,3,USD,6,K,,,E,E,2025-Q4,7084.409,A,F,
Q,S,C,A,TO1,A,5J,A,JP,A,SA,N,3,USD,6,K,,,E,E,2026-Q1,8397.784,A,F,
