,,,,202401,202402,202403,202404,202501,202502,202503,202504,202601
BPBP6QFB1,"地域別国際収支（四半期）（6版基準）","金融/直接投資/地域別合計/ネット","億円",67513.13332329,71252.59968814,74725.18272985,71881.2928529,53298.64824683,73262.29497394,55940.00925234,74564.79992831,40673.64563458
BPBP6QFA1,"地域別国際収支（四半期）（6版基準）","金融/直接投資/地域別合計/資産","億円",62318.78269072,85560.72037441,81586.38208784,84933.19030354,65194.5465559,88151.72347119,62660.46218714,110229.55139376,74162.24461465
BPBP6QFL1,"地域別国際収支（四半期）（6版基準）","金融/直接投資/地域別合計/負債","億円",-5194.35063257,14308.12068627,6861.19935799,13051.89745064,11895.89830907,14889.42849725,6720.4529348,35664.75146544,33488.59898007
BPBP6QFB2,"地域別国際収支（四半期）（6版基準）","金融/証券投資/地域別合計/ネット","億円",-38334.72454484,33912.08109995,249038.07680742,-105071.91779042,67706.94768355,-124582.33776618,43797.65248687,-143845.02744826,-123600.79306405
BPBP6QFA2,"地域別国際収支（四半期）（6版基準）","金融/証券投資/地域別合計/資産","億円",45631.02465489,-31227.87360012,103542.87669766,-98423.4379821,59289.70209819,45761.69117724,65969.43769379,-17553.27490862,-40756.97374437
BPBP6QFL2,"地域別国際収支（四半期）（6版基準）","金融/証券投資/地域別合計/負債","億円",83965.74919973,-65139.95470007,-145495.20010976,6648.47980832,-8417.24558536,170344.02894342,22171.78520692,126291.75253963,82843.81931967
BPBP6QFA21,"地域別国際収支（四半期）（6版基準）","金融/証券投資/株式・投資ファンド持分/地域別合計/資産","億円",-5103.95990273,-6217.11492396,22364.82310817,-45621.97500703,17679.6233511,-4066.28192833,3002.5214102,-14269.31345553,36107.70632767
BPBP6QFL21,"地域別国際収支（四半期）（6版基準）","金融/証券投資/株式・投資ファンド持分/地域別合計/負債","億円",16058.10918,46397.8226708,-57129.6165776,17180.88196,-50812.25143,74263.2527,-7297.36043587,68279.80613,-9200.0974174
BPBP6QFA22,"地域別国際収支（四半期）（6版基準）","金融/証券投資/債券/地域別合計/資産","億円",50734.98455762,-25010.75867616,81178.05358949,-52801.46297507,41610.0787471,49827.97310557,62966.91628359,-3283.96145309,-76864.68007205
BPBP6QFL22,"地域別国際収支（四半期）（6版基準）","金融/証券投資/債券/地域別合計/負債","億円",67907.64001973,-111537.77737087,-88365.58353216,-10532.40215168,42395.00584464,96080.77624342,29469.14564279,58011.94640963,92043.91673707
BPBP6QFBAS1,"地域別国際収支（四半期）（6版基準）","金融/直接投資/アジア計/ネット","億円",11811.51409494,8902.81089227,12307.92623838,11762.14724762,6720.09948185,12837.21197365,9677.70816392,9126.03944339,7230.99152397
BPBP6QFAAS1,"地域別国際収支（四半期）（6版基準）","金融/直接投資/アジア計/資産","億円",18867.99246111,12293.15096399,16002.50161783,14167.71062946,14825.4106635,15620.08980293,14193.06912528,15557.99464753,12350.73872307
BPBP6QFLAS1,"地域別国際収支（四半期）（6版基準）","金融/直接投資/アジア計/負債","億円",7056.47836617,3390.34007173,3694.57537945,2405.56338184,8105.31118165,2782.87782928,4515.36096136,6431.95520415,5119.7471991
BPBP6QFBAS2,"地域別国際収支（四半期）（6版基準）","金融/証券投資/アジア計/ネット","億円",-45151.97288196,44292.83090669,242.1164592,45092.54706454,74509.6456785,-30233.85179948,33279.96191998,9528.36482568,-31852.25932075
BPBP6QFAAS2,"地域別国際収支（四半期）（6版基準）","金融/証券投資/アジア計/資産","億円",7561.60288425,5686.75689087,3928.41168416,-5312.00540498,3667.43825606,-3607.48786476,-4020.4676695,-6695.12938046,-6512.46067318
BPBP6QFLAS2,"地域別国際収支（四半期）（6版基準）","金融/証券投資/アジア計/負債","億円",52713.57576621,-38606.07401582,3686.29522496,-50404.55246952,-70842.20742244,26626.36393472,-37300.42958947,-16223.49420614,25339.79864757
BPBP6QFAAS21,"地域別国際収支（四半期）（6版基準）","金融/証券投資/株式・投資ファンド持分/アジア計/資産","億円",450.67645887,2718.56570841,2982.98403378,-3768.67983643,2455.5055752,687.25884106,-1075.22400252,-1490.73729861,1259.69729966
BPBP6QFLAS21,"地域別国際収支（四半期）（6版基準）","金融/証券投資/株式・投資ファンド持分/アジア計/負債","億円",3691.43042,5672.7433808,5598.38106,5184.77406,-10722.51329,15348.21696,5214.68276413,11309.55611,13503.35754
BPBP6QFAAS22,"地域別国際収支（四半期）（6版基準）","金融/証券投資/債券/アジア計/資産","億円",7110.92642538,2968.19118246,945.42765039,-1543.32556855,1211.93268086,-4294.74670582,-2945.24366698,-5204.39208185,-7772.15797284
BPBP6QFLAS22,"地域別国際収支（四半期）（6版基準）","金融/証券投資/債券/アジア計/負債","億円",49022.14534621,-44278.81739662,-1912.08583504,-55589.32652952,-60119.69413244,11278.14697472,-42515.1123536,-27533.05031614,11836.44110757
BPBP6QFBCN1,"地域別国際収支（四半期）（6版基準）","金融/直接投資/中華人民共和国/ネット","億円",-25.04172272,360.02250347,703.39714447,421.42542871,1509.51463509,1104.14308435,-1768.94885779,692.89413175,-1631.38201514
BPBP6QFACN1,"地域別国際収支（四半期）（6版基準）","金融/直接投資/中華人民共和国/資産","億円",1513.02766234,485.76916824,692.91497389,823.80892798,1408.40855797,523.82830873,300.13580566,255.76623819,1244.07253773
BPBP6QFLCN1,"地域別国際収支（四半期）（6版基準）","金融/直接投資/中華人民共和国/負債","億円",1538.06938507,125.74666477,-10.48217057,402.38349927,-101.10607712,-580.31477562,2069.08466346,-437.12789356,2875.45455286
BPBP6QFBCN2,"地域別国際収支（四半期）（6版基準）","金融/証券投資/中華人民共和国/ネット","億円",-51627.98014058,41623.28052507,-21964.36903345,36882.99320355,43365.29449527,-28734.36601103,30347.30088245,15913.62396193,-9231.34067274
BPBP6QFACN2,"地域別国際収支（四半期）（6版基準）","金融/証券投資/中華人民共和国/資産","億円",6206.79433943,5222.14705507,1485.66366656,-218.05721645,1358.51249527,-1323.19667103,-1719.23739755,-5665.29660807,-6738.65070274
BPBP6QFLCN2,"地域別国際収支（四半期）（6版基準）","金融/証券投資/中華人民共和国/負債","億円",57834.77448,-36401.13347,23450.0327,-37101.05042,-42006.782,27411.16934,-32066.53828,-21578.92057,2492.68997
BPBP6QFACN21,"地域別国際収支（四半期）（6版基準）","金融/証券投資/株式・投資ファンド持分/中華人民共和国/資産","億円",-366.96192412,-254.62220448,-133.51222699,-503.41966,432.51194366,-202.89392264,-173.13564916,-208.02541968,1142.28975726
BPBP6QFLCN21,"地域別国際収支（四半期）（6版基準）","金融/証券投資/株式・投資ファンド持分/中華人民共和国/負債","億円",-7.42,-8.76,-7.44831,-3.98454,-40.22,-2.41,-8.06,-6.81,-10.78
BPBP6QFACN22,"地域別国際収支（四半期）（6版基準）","金融/証券投資/債券/中華人民共和国/資産","億円",6573.75626355,5476.76925955,1619.17589355,285.36244355,926.00055161,-1120.30274839,-1546.10174839,-5457.27118839,-7880.94046
BPBP6QFLCN22,"地域別国際収支（四半期）（6版基準）","金融/証券投資/債券/中華人民共和国/負債","億円",57842.19448,-36392.37347,23457.48101,-37097.06588,-41966.562,27413.57934,-32058.47828,-21572.11057,2503.46997
BPBP6QFBHK1,"地域別国際収支（四半期）（6版基準）","金融/直接投資/香港/ネット","億円",-2883.13863967,-509.74519658,2147.70465294,-888.25677633,-2375.78243938,-1788.1702748,1314.65302726,1992.18746035,519.31233744
BPBP6QFAHK1,"地域別国際収支（四半期）（6版基準）","金融/直接投資/香港/資産","億円",-343.95448332,692.7696609,3135.45085267,770.86379588,886.94749754,-869.53372211,846.47669016,1392.59305885,323.88709402
BPBP6QFLHK1,"地域別国際収支（四半期）（6版基準）","金融/直接投資/香港/負債","億円",2539.18415635,1202.51485748,987.74619973,1659.12057221,3262.72993692,918.63655269,-468.1763371,-599.5944015,-195.42524343
BPBP6QFBHK2,"地域別国際収支（四半期）（6版基準）","金融/証券投資/香港/ネット","億円",4076.95065035,7769.47886478,10362.51599504,901.03009952,14403.30731244,-5321.50702472,4592.66433,-3639.31523181,-5767.20204757
BPBP6QFAHK2,"地域別国際収支（四半期）（6版基準）","金融/証券投資/香港/資産","億円",-368.93048344,-374.60678184,-13.89195,-628.06815,-298.66248,-389.04685,-384.08593,161.24057,-73.27055
BPBP6QFLHK2,"地域別国際収支（四半期）（6版基準）","金融/証券投資/香港/負債","億円",-4445.88113379,-8144.08564662,-10376.40794504,-1529.09824952,-14701.96979244,4932.46017472,-4976.75026,3800.55580181,5693.93149757
BPBP6QFAHK21,"地域別国際収支（四半期）（6版基準）","金融/証券投資/株式・投資ファンド持分/香港/資産","億円",-41.76514344,-189.33376184,119.38124,-172.16751,-351.03738,-155.72099,-92.52232,-129.81026,-55.60097
BPBP6QFLHK21,"地域別国際収支（四半期）（6版基準）","金融/証券投資/株式・投資ファンド持分/香港/負債","億円",1775.15628,2796.87695,3061.62772,3352.10095,346.03551,9429.11248,3718.26707,6642.76019,8600.9819
BPBP6QFAHK22,"地域別国際収支（四半期）（6版基準）","金融/証券投資/債券/香港/資産","億円",-327.16534,-185.27302,-133.27319,-455.90064,52.3749,-233.32586,-291.56361,291.05083,-17.66958
BPBP6QFLHK22,"地域別国際収支（四半期）（6版基準）","金融/証券投資/債券/香港/負債","億円",-6221.03741379,-10940.96259662,-13438.03566504,-4881.19919952,-15048.00530244,-4496.65230528,-8695.01733,-2842.20438819,-2907.05040243
BPBP6QFBTW1,"地域別国際収支（四半期）（6版基準）","金融/直接投資/台湾/ネット","億円",-626.0435689,-151.71124868,-547.82171819,148.72140196,438.18869861,-798.69869556,-713.40608785,-386.61652213,-211.44851427
BPBP6QFATW1,"地域別国際収支（四半期）（6版基準）","金融/直接投資/台湾/資産","億円",280.92159737,284.58373147,229.41936445,582.53301405,965.09028196,45.4868488,416.10106602,511.47868432,259.46748312
BPBP6QFLTW1,"地域別国際収支（四半期）（6版基準）","金融/直接投資/台湾/負債","億円",906.96516627,436.29498015,777.24108264,433.81161209,526.90158335,844.18554435,1129.50715387,898.09520645,470.91599739
BPBP6QFBTW2,"地域別国際収支（四半期）（6版基準）","金融/証券投資/台湾/ネット","億円",227.67774,767.21297,979.38362,87.16126,2216.30437463,1777.80566,566.03083606,549.07268865,-276.28562319
BPBP6QFATW2,"地域別国際収支（四半期）（6版基準）","金融/証券投資/台湾/資産","億円",-850.28805,-65.85379,157.46666,-596.77864,1485.22975463,1166.49951,83.15594606,137.03578865,192.81757681
BPBP6QFLTW2,"地域別国際収支（四半期）（6版基準）","金融/証券投資/台湾/負債","億円",-1077.96579,-833.06676,-821.91696,-683.9399,-731.07462,-611.30615,-482.87489,-412.0369,469.1032
BPBP6QFATW21,"地域別国際収支（四半期）（6版基準）","金融/証券投資/株式・投資ファンド持分/台湾/資産","億円",-797.56952,15.94627,170.8599,-608.11937,1437.37911463,1238.00577,90.60176606,139.80445865,81.59853681
BPBP6QFLTW21,"地域別国際収支（四半期）（6版基準）","金融/証券投資/株式・投資ファンド持分/台湾/負債","億円",-0.64,20.34479,-3.66077,3.47,-2.65,7.47,20.73,1.63,178.38
BPBP6QFATW22,"地域別国際収支（四半期）（6版基準）","金融/証券投資/債券/台湾/資産","億円",-52.71853,-81.80006,-13.39324,11.34073,47.85064,-71.50626,-7.44582,-2.76867,111.21904
BPBP6QFLTW22,"地域別国際収支（四半期）（6版基準）","金融/証券投資/債券/台湾/負債","億円",-1077.32579,-853.41155,-818.25619,-687.4099,-728.42462,-618.77615,-503.60489,-413.6669,290.7232
BPBP6QFBKR1,"地域別国際収支（四半期）（6版基準）","金融/直接投資/大韓民国/ネット","億円",-90.01312627,451.38597929,1071.50686956,1439.7162628,692.46251573,743.2945381,673.86449467,1348.15453124,1043.55018546
BPBP6QFAKR1,"地域別国際収支（四半期）（6版基準）","金融/直接投資/大韓民国/資産","億円",656.3939444,703.20313829,808.08955556,1646.18125526,1146.85998681,1131.1431571,881.63452814,1834.57966722,1010.34778566
BPBP6QFLKR1,"地域別国際収支（四半期）（6版基準）","金融/直接投資/大韓民国/負債","億円",746.40707067,251.817159,-263.417314,206.46499247,454.39747108,387.848619,207.77003347,486.42513598,-33.20239979
BPBP6QFBKR2,"地域別国際収支（四半期）（6版基準）","金融/証券投資/大韓民国/ネット","億円",870.76745,436.53957953,839.70879,-1294.27581,1400.41164079,1542.4734212,1717.24962339,2306.76341688,2517.98031
BPBP6QFAKR2,"地域別国際収支（四半期）（6版基準）","金融/証券投資/大韓民国/資産","億円",-116.02563,-533.09298047,-914.22669,-2111.70287,-209.07989921,-468.7946588,-417.60413248,506.06413688,1240.89237
BPBP6QFLKR2,"地域別国際収支（四半期）（6版基準）","金融/証券投資/大韓民国/負債","億円",-986.79308,-969.63256,-1753.93548,-817.42706,-1609.49154,-2011.26808,-2134.85375587,-1800.69928,-1277.08794
BPBP6QFAKR21,"地域別国際収支（四半期）（6版基準）","金融/証券投資/株式・投資ファンド持分/大韓民国/資産","億円",-311.80737,196.86055953,-191.9208,-1444.35121,238.50208529,-157.052546,-85.01966169,417.21367688,555.32496
BPBP6QFLKR21,"地域別国際収支（四半期）（6版基準）","金融/証券投資/株式・投資ファンド持分/大韓民国/負債","億円",-29.61,-16.38,-14.14,-2.29,6.16526,-0.26,-568.26532587,-347.24455,-416.32572
BPBP6QFAKR22,"地域別国際収支（四半期）（6版基準）","金融/証券投資/債券/大韓民国/資産","億円",195.78174,-729.95354,-722.30589,-667.35166,-447.5819845,-311.7421128,-332.58447079,88.85046,685.56741
BPBP6QFLKR22,"地域別国際収支（四半期）（6版基準）","金融/証券投資/債券/大韓民国/負債","億円",-957.18308,-953.25256,-1739.79548,-815.13706,-1615.6568,-2011.00808,-1566.58843,-1453.45473,-860.76222
BPBP6QFBNA1,"地域別国際収支（四半期）（6版基準）","金融/直接投資/北米計/ネット","億円",51221.95751316,36328.04891006,19011.33308709,28600.76980887,29381.90613984,35942.19062529,26979.93429364,-12236.76838986,21985.56675484
BPBP6QFANA1,"地域別国際収支（四半期）（6版基準）","金融/直接投資/北米計/資産","億円",28928.79129254,38853.0573931,21168.22094256,33363.3801906,34712.73525315,37172.52586841,27442.6336713,-3876.60418657,45460.86261562
BPBP6QFLNA1,"地域別国際収支（四半期）（6版基準）","金融/直接投資/北米計/負債","億円",-22293.16622062,2525.00848304,2156.88785547,4762.61038173,5330.82911331,1230.33524312,462.69937766,8360.16420329,23475.29586078
BPBP6QFBNA2,"地域別国際収支（四半期）（6版基準）","金融/証券投資/北米計/ネット","億円",111014.89080441,-17212.24262579,188674.14817424,2446.22617274,47685.4871189,34061.7804274,6821.91066402,5783.836458,-1257.24724053
BPBP6QFANA2,"地域別国際収支（四半期）（6版基準）","金融/証券投資/北米計/資産","億円",48806.68069444,-11842.13716579,112074.22143944,-29880.73863226,61284.3700713,30398.6734374,42549.39885402,-3965.281172,-26638.47353053
BPBP6QFLNA2,"地域別国際収支（四半期）（6版基準）","金融/証券投資/北米計/負債","億円",-62208.21010997,5370.10546,-76599.9267348,-32326.964805,13598.8829524,-3663.10699,35727.48819,-9749.11763,-25381.22629
BPBP6QFANA21,"地域別国際収支（四半期）（6版基準）","金融/証券投資/株式・投資ファンド持分/北米計/資産","億円",-12014.39372,-16114.81027,19551.73836722,-19254.24773,36613.050442,390.536824,-6190.16127,-18047.386,19985.85758
BPBP6QFLNA21,"地域別国際収支（四半期）（6版基準）","金融/証券投資/株式・投資ファンド持分/北米計/負債","億円",1390.42075,6793.30663,-14851.48762,-1150.53617,-2163.8944,8491.73883,-5066.57073,3231.5713,3109.55973
BPBP6QFANA22,"地域別国際収支（四半期）（6版基準）","金融/証券投資/債券/北米計/資産","億円",60821.07441444,4272.67310421,92522.48307222,-10626.49090226,24671.3196293,30008.1366134,48739.56012402,14082.104828,-46624.33111053
BPBP6QFLNA22,"地域別国際収支（四半期）（6版基準）","金融/証券投資/債券/北米計/負債","億円",-63598.63085997,-1423.20117,-61748.4391148,-31176.428635,15762.7773524,-12154.84582,40794.05892,-12980.68893,-28490.78602
BPBP6QFBUS1,"地域別国際収支（四半期）（6版基準）","金融/直接投資/アメリカ合衆国/ネット","億円",50413.70805087,34981.37223487,16947.25761174,29793.44510624,29615.08483371,34405.98214662,21525.19798695,-14431.92013276,21740.22938956
BPBP6QFAUS1,"地域別国際収支（四半期）（6版基準）","金融/直接投資/アメリカ合衆国/資産","億円",28074.57317562,37492.1814329,19794.91454935,32593.23345173,33421.08009298,35811.88458698,25753.98618461,-5293.89152359,44622.04281802
BPBP6QFLUS1,"地域別国際収支（四半期）（6版基準）","金融/直接投資/アメリカ合衆国/負債","億円",-22339.13487525,2510.80919803,2847.65693761,2799.78834549,3805.99525927,1405.90244036,4228.78819766,9138.02860917,22881.81342846
BPBP6QFBUS2,"地域別国際収支（四半期）（6版基準）","金融/証券投資/アメリカ合衆国/ネット","億円",110210.92778397,-17752.27665522,182020.30690051,7407.17262071,49617.77073741,33762.98142501,4128.79527061,5546.08723561,-3214.85204568
BPBP6QFAUS2,"地域別国際収支（四半期）（6版基準）","金融/証券投資/アメリカ合衆国/資産","億円",50932.97030401,-12642.56598522,110077.80585571,-25386.27445429,63700.71220981,29673.28499501,39790.41276061,-4514.30152439,-28516.47158568
BPBP6QFLUS2,"地域別国際収支（四半期）（6版基準）","金融/証券投資/アメリカ合衆国/負債","億円",-59277.95747997,5109.71067,-71942.5010448,-32793.447075,14082.9414724,-4089.69643,35661.61749,-10060.38876,-25301.61954
BPBP6QFAUS21,"地域別国際収支（四半期）（6版基準）","金融/証券投資/株式・投資ファンド持分/アメリカ合衆国/資産","億円",-10986.98516,-14713.50354,19713.3768506,-17059.56899,34664.26269,-506.205356,-6195.43675,-16443.21783,18925.53442
BPBP6QFLUS21,"地域別国際収支（四半期）（6版基準）","金融/証券投資/株式・投資ファンド持分/アメリカ合衆国/負債","億円",1400.23075,6797.68663,-15003.80137,-1165.50713,-2145.1144,8513.53883,-5065.89073,3243.9809,3091.84898
BPBP6QFAUS22,"地域別国際収支（四半期）（6版基準）","金融/証券投資/債券/アメリカ合衆国/資産","億円",61919.95546401,2070.93755478,90364.42900511,-8326.70546429,29036.44951981,30179.49035101,45985.84951061,11928.91630561,-47442.00600568
BPBP6QFLUS22,"地域別国際収支（四半期）（6版基準）","金融/証券投資/債券/アメリカ合衆国/負債","億円",-60678.18822997,-1687.97596,-56938.6996748,-31627.939945,16228.0558724,-12603.23526,40727.50822,-13304.36966,-28393.46852
BPBP6QFBCA1,"地域別国際収支（四半期）（6版基準）","金融/直接投資/カナダ/ネット","億円",808.24946229,1346.67667519,2064.07547535,-1192.67529737,-233.17869387,1536.20847867,5454.73630669,2195.1517429,245.33736528
BPBP6QFACA1,"地域別国際収支（四半期）（6版基準）","金融/直接投資/カナダ/資産","億円",854.21811692,1360.8759602,1373.30639321,770.14673887,1291.65516017,1360.64128143,1688.64748669,1417.28733702,838.8197976
BPBP6QFLCA1,"地域別国際収支（四半期）（6版基準）","金融/直接投資/カナダ/負債","億円",45.96865463,14.19928501,-690.76908214,1962.82203624,1524.83385404,-175.56719724,-3766.08882,-777.86440588,593.48243232
BPBP6QFBCA2,"地域別国際収支（四半期）（6版基準）","金融/証券投資/カナダ/ネット","億円",803.96302043,540.03402943,6653.84127373,-4960.94644797,-1932.2836185,298.7990024,2693.11539342,237.7492224,1957.60480515
BPBP6QFACA2,"地域別国際収支（四半期）（6版基準）","金融/証券投資/カナダ/資産","億円",-2126.28960957,800.42881943,1996.41558373,-4494.46417797,-2416.3421385,725.3884424,2758.98609342,549.0203524,1877.99805515
BPBP6QFLCA2,"地域別国際収支（四半期）（6版基準）","金融/証券投資/カナダ/負債","億円",-2930.25263,260.39479,-4657.42569,466.48227,-484.05852,426.58944,65.8707,311.27113,-79.60675
BPBP6QFACA21,"地域別国際収支（四半期）（6版基準）","金融/証券投資/株式・投資ファンド持分/カナダ/資産","億円",-1027.40856,-1401.30673,-161.63848338,-2194.67874,1948.787752,896.74218,5.27548,-1604.16817,1060.32316
BPBP6QFLCA21,"地域別国際収支（四半期）（6版基準）","金融/証券投資/株式・投資ファンド持分/カナダ/負債","億円",-9.81,-4.38,152.31375,14.97096,-18.78,-21.8,-0.68,-12.4096,17.71075
BPBP6QFACA22,"地域別国際収支（四半期）（6版基準）","金融/証券投資/債券/カナダ/資産","億円",-1098.88104957,2201.73554943,2158.05406711,-2299.78543797,-4365.1298905,-171.3537376,2753.71061342,2153.1885224,817.67489515
BPBP6QFLCA22,"地域別国際収支（四半期）（6版基準）","金融/証券投資/債券/カナダ/負債","億円",-2920.44263,264.77479,-4809.73944,451.51131,-465.27852,448.38944,66.5507,323.68073,-97.3175
BPBP6QFBEP1,"地域別国際収支（四半期）（6版基準）","金融/直接投資/欧州計/ネット","億円",1968.14953855,17767.25632057,25492.46825923,17993.68178058,10833.70494907,18682.46263524,16555.8346589,48847.48938349,9181.53825347
BPBP6QFAEP1,"地域別国際収支（四半期）（6版基準）","金融/直接投資/欧州計/資産","億円",8598.35375258,24588.43996026,27080.33387928,25604.60188908,8598.02739284,28322.6055583,17578.457325,68536.33316962,11170.63672814
BPBP6QFLEP1,"地域別国際収支（四半期）（6版基準）","金融/直接投資/欧州計/負債","億円",6630.20421403,6821.18363969,1587.86562005,7610.9201085,-2235.67755622,9640.14292306,1022.6226661,19688.84378612,1989.09847467
BPBP6QFBEP2,"地域別国際収支（四半期）（6版基準）","金融/証券投資/欧州計/ネット","億円",-150285.67247986,-61554.42362817,10559.47977767,-173219.46100206,-62698.57223291,-114468.59137054,-66043.24164411,-197355.15907469,-72300.34106365
BPBP6QFAEP2,"地域別国際収支（四半期）（6版基準）","金融/証券投資/欧州計/資産","億円",-7309.87328637,-23847.18079242,-1488.93847225,-55787.37251922,25317.96227178,17537.98982816,9513.03688228,-19067.03700892,-5085.62767155
BPBP6QFLEP2,"地域別国際収支（四半期）（6版基準）","金融/証券投資/欧州計/負債","億円",142975.79919349,37707.24283575,-12048.41824992,117432.08848284,88016.53450468,132006.5811987,75556.27852639,178288.12206577,67214.7133921
BPBP6QFAEP21,"地域別国際収支（四半期）（6版基準）","金融/証券投資/株式・投資ファンド持分/欧州計/資産","億円",-6822.98629462,-6721.3543448,10315.32007217,-10104.1468806,5280.35184097,10180.743135,2478.80474902,-2069.92100692,10857.75257769
BPBP6QFLEP21,"地域別国際収支（四半期）（6版基準）","金融/証券投資/株式・投資ファンド持分/欧州計/負債","億円",10531.4394,34410.30175,-50467.6320976,13156.28261,-38586.01309,48834.06567,-7850.23214,52574.54415,-30769.0183974
BPBP6QFAEP22,"地域別国際収支（四半期）（6版基準）","金融/証券投資/債券/欧州計/資産","億円",-486.88699175,-17125.82644762,-11804.25854442,-45683.22563862,20037.6104308,7357.24669316,7034.23213326,-16997.116002,-15943.38024924
BPBP6QFLEP22,"地域別国際収支（四半期）（6版基準）","金融/証券投資/債券/欧州計/負債","億円",132444.35979349,3296.94108575,38419.21384768,104275.80587284,126602.54759468,83172.5155287,83406.51066639,125713.57791577,97983.7317895
BPBP6QFBDE1,"地域別国際収支（四半期）（6版基準）","金融/直接投資/ドイツ/ネット","億円",2777.16094638,1465.27073612,2446.32825959,5214.62385134,1361.81086392,3139.65071315,1609.51458066,2789.17316916,2870.5665167
BPBP6QFADE1,"地域別国際収支（四半期）（6版基準）","金融/直接投資/ドイツ/資産","億円",2434.54079706,1569.64171902,2449.33747086,5249.57756074,1628.71223142,3088.42875224,2200.4291988,2231.98259851,2939.1401237
BPBP6QFLDE1,"地域別国際収支（四半期）（6版基準）","金融/直接投資/ドイツ/負債","億円",-342.62014932,104.3709829,3.00921128,34.9537094,266.90136751,-51.22196091,590.91461814,-557.19057066,68.573607
BPBP6QFBDE2,"地域別国際収支（四半期）（6版基準）","金融/証券投資/ドイツ/ネット","億円",-32889.71495124,-44879.6291568,-5261.25102344,-29072.70782034,-8548.07795392,-25953.38976886,-16283.43032306,-24738.47719692,-25134.06114755
BPBP6QFADE2,"地域別国際収支（四半期）（6版基準）","金融/証券投資/ドイツ/資産","億円",1470.34749876,-12119.6759768,11901.07269896,-13123.76189034,13889.44546368,-7966.04555886,1489.16296694,-773.83527692,-4112.95194755
BPBP6QFLDE2,"地域別国際収支（四半期）（6版基準）","金融/証券投資/ドイツ/負債","億円",34360.06245,32759.95318,17162.3237224,15948.94593,22437.5234176,17987.34421,17772.59329,23964.64192,21021.1092
BPBP6QFADE21,"地域別国際収支（四半期）（6版基準）","金融/証券投資/株式・投資ファンド持分/ドイツ/資産","億円",-1235.787105,-893.9764477,158.76293,-1191.97785,570.759248,549.7752049,-655.6281376,-1121.0390032,-1129.1379954
BPBP6QFLDE21,"地域別国際収支（四半期）（6版基準）","金融/証券投資/株式・投資ファンド持分/ドイツ/負債","億円",1302.08,1349.07,-1528.8361976,472.17,1449.39,2382.41,543.86,1948.76857,2970.23
BPBP6QFADE22,"地域別国際収支（四半期）（6版基準）","金融/証券投資/債券/ドイツ/資産","億円",2706.13460376,-11225.6995291,11742.30976896,-11931.78404034,13318.68621568,-8515.82076376,2144.79110454,347.20372628,-2983.81395215
BPBP6QFLDE22,"地域別国際収支（四半期）（6版基準）","金融/証券投資/債券/ドイツ/負債","億円",33057.98245,31410.88318,18691.15992,15476.77593,20988.1334176,15604.93421,17228.73329,22015.87335,18050.8792
BPBP6QFBGB1,"地域別国際収支（四半期）（6版基準）","金融/直接投資/英国/ネット","億円",1577.10110942,4824.3155492,8485.34964201,704.46253688,7561.3183837,-909.34968923,7125.8008046,-9980.58379035,5315.01919139
BPBP6QFAGB1,"地域別国際収支（四半期）（6版基準）","金融/直接投資/英国/資産","億円",4698.97635741,5516.07111774,3451.33148553,1063.77483652,3006.23654984,1532.59094097,1860.44756748,7144.07630094,6818.24993015
BPBP6QFLGB1,"地域別国際収支（四半期）（6版基準）","金融/直接投資/英国/負債","億円",3121.875248,691.75556854,-5034.01815648,359.31229964,-4555.08183387,2441.9406302,-5265.35323712,17124.66009129,1503.23073876
BPBP6QFBGB2,"地域別国際収支（四半期）（6版基準）","金融/証券投資/英国/ネット","億円",-285028.1855863,-273575.80913163,-186047.42901502,-209612.57959583,-200746.41331804,-306978.14879594,-178715.51348149,-246559.75139619,-215470.2652781
BPBP6QFAGB2,"地域別国際収支（四半期）（6版基準）","金融/証券投資/英国/資産","億円",-317.23267185,-2007.54256565,5230.61845425,-996.37910355,-848.76381536,4728.99552024,-784.62035636,-345.24873236,-1215.17428403
BPBP6QFLGB2,"地域別国際収支（四半期）（6版基準）","金融/証券投資/英国/負債","億円",284710.95291445,271568.26656598,191278.04746927,208616.20049228,199897.64950268,311707.14431618,177930.89312513,246214.50266383,214255.09099407
BPBP6QFAGB21,"地域別国際収支（四半期）（6版基準）","金融/証券投資/株式・投資ファンド持分/英国/資産","億円",-771.28055,-1801.2624499,1910.54287,-2408.1360928,1282.10772,1792.5815648,831.255609,-246.1704444,3232.1494775
BPBP6QFLGB21,"地域別国際収支（四半期）（6版基準）","金融/証券投資/株式・投資ファンド持分/英国/負債","億円",11800.9194,30600.64488,-43742.68087,7834.39244,-32683.35447,49601.40081,-7701.64214,43978.58577,-29758.702368
BPBP6QFAGB22,"地域別国際収支（四半期）（6版基準）","金融/証券投資/債券/英国/資産","億円",454.04787815,-206.28011575,3320.07558425,1411.75698925,-2130.87153536,2936.41395544,-1615.87596536,-99.07828796,-4447.32376153
BPBP6QFLGB22,"地域別国際収支（四半期）（6版基準）","金融/証券投資/債券/英国/負債","億円",272910.03351445,240967.62168598,235020.72833927,200781.80805228,232581.00397268,262105.74350618,185632.53526513,202235.91689383,244013.79336207
BPBP6QFBSU1,"地域別国際収支（四半期）（6版基準）","金融/直接投資/ロシア/ネット","億円",301.99907981,144.99899107,-99.47544666,178.77841778,188.95273273,189.68273273,162.89080773,169.83273273,178.95273273
BPBP6QFASU1,"地域別国際収支（四半期）（6版基準）","金融/直接投資/ロシア/資産","億円",301.99907981,144.99899107,-99.47544666,178.77841778,188.95273273,189.68273273,162.89080773,169.83273273,178.95273273
BPBP6QFLSU1,"地域別国際収支（四半期）（6版基準）","金融/直接投資/ロシア/負債","億円",NA,NA,NA,NA,NA,NA,NA,NA,NA
BPBP6QFBSU2,"地域別国際収支（四半期）（6版基準）","金融/証券投資/ロシア/ネット","億円",-3.38643,-0.61195,-10.14948,-0.71239,-0.05710466,0.02041534,0.01557534,1.08189534,-0.48189839
BPBP6QFASU2,"地域別国際収支（四半期）（6版基準）","金融/証券投資/ロシア/資産","億円",-3.38643,-0.64195,-10.14948,-0.71239,-0.05710466,0.05041534,0.01557534,-0.01550466,-0.47189839
BPBP6QFLSU2,"地域別国際収支（四半期）（6版基準）","金融/証券投資/ロシア/負債","億円",0,-0.03,0,0,0,0.03,0,-1.0974,0.01
BPBP6QFASU21,"地域別国際収支（四半期）（6版基準）","金融/証券投資/株式・投資ファンド持分/ロシア/資産","億円",-1.73643,-0.38665,-9.85962,-0.71239,-0.07268,0.03484,0,-0.03108,-0.50584
BPBP6QFLSU21,"地域別国際収支（四半期）（6版基準）","金融/証券投資/株式・投資ファンド持分/ロシア/負債","億円",0.03,0.02,0,0,0,0.03,0,-1.0974,0.01
BPBP6QFASU22,"地域別国際収支（四半期）（6版基準）","金融/証券投資/債券/ロシア/資産","億円",-1.65,-0.2553,-0.28986,NA,0.01557534,0.01557534,0.01557534,0.01557534,0.03394161
BPBP6QFLSU22,"地域別国際収支（四半期）（6版基準）","金融/証券投資/債券/ロシア/負債","億円",-0.03,-0.05,NA,NA,NA,NA,NA,NA,NA
BPBP6QFBII1,"地域別国際収支（四半期）（6版基準）","金融/直接投資/国際機関/ネット","億円",NA,NA,NA,NA,NA,NA,NA,NA,NA
BPBP6QFAII1,"地域別国際収支（四半期）（6版基準）","金融/直接投資/国際機関/資産","億円",NA,NA,NA,NA,NA,NA,NA,NA,NA
BPBP6QFLII1,"地域別国際収支（四半期）（6版基準）","金融/直接投資/国際機関/負債","億円",NA,NA,NA,NA,NA,NA,NA,NA,NA
BPBP6QFBII2,"地域別国際収支（四半期）（6版基準）","金融/証券投資/国際機関/ネット","億円",32552.13216228,50134.11921668,38804.40135678,11404.83323668,33442.67204572,13365.86005372,24441.63021422,23820.68059732,24987.32880008
BPBP6QFAII2,"地域別国際収支（四半期）（6版基準）","金融/証券投資/国際機関/資産","億円",-6183.54834772,-2875.78248332,263.66282678,-357.14971332,788.39672572,5617.64169372,2815.20826422,8.80107732,-4894.35649993
BPBP6QFLII2,"地域別国際収支（四半期）（6版基準）","金融/証券投資/国際機関/負債","億円",-38735.68051,-53009.9017,-38540.73853,-11761.98295,-32654.27532,-7748.21836,-21626.42195,-23811.87952,-29881.6853
BPBP6QFAII21,"地域別国際収支（四半期）（6版基準）","金融/証券投資/株式・投資ファンド持分/国際機関/資産","億円",NA,NA,NA,NA,NA,NA,NA,NA,NA
BPBP6QFLII21,"地域別国際収支（四半期）（6版基準）","金融/証券投資/株式・投資ファンド持分/国際機関/負債","億円",-0.01,-0.02,-0.01,-0.02,-0.01,-0.02,-0.01,-0.01,0
BPBP6QFAII22,"地域別国際収支（四半期）（6版基準）","金融/証券投資/債券/国際機関/資産","億円",-6183.54834772,-2875.78248332,263.66282678,-357.14971332,788.39672572,5617.64169372,2815.20826422,8.80107732,-4894.35649993
BPBP6QFLII22,"地域別国際収支（四半期）（6版基準）","金融/証券投資/債券/国際機関/負債","億円",-38735.67051,-53009.8817,-38540.72853,-11761.96295,-32654.26532,-7748.19836,-21626.41195,-23811.86952,-29881.6853
BPBP6QFBRW1,"地域別国際収支（四半期）（6版基準）","金融/直接投資/非分類/ネット","億円",NA,NA,NA,NA,NA,NA,NA,NA,NA
BPBP6QFARW1,"地域別国際収支（四半期）（6版基準）","金融/直接投資/非分類/資産","億円",NA,NA,NA,NA,NA,NA,NA,NA,NA
BPBP6QFLRW1,"地域別国際収支（四半期）（6版基準）","金融/直接投資/非分類/負債","億円",NA,NA,NA,NA,NA,NA,NA,NA,NA
BPBP6QFBRW2,"地域別国際収支（四半期）（6版基準）","金融/証券投資/非分類/ネット","億円",NA,NA,NA,NA,NA,NA,NA,NA,NA
BPBP6QFARW2,"地域別国際収支（四半期）（6版基準）","金融/証券投資/非分類/資産","億円",NA,NA,NA,NA,NA,NA,NA,NA,NA
BPBP6QFLRW2,"地域別国際収支（四半期）（6版基準）","金融/証券投資/非分類/負債","億円",NA,NA,NA,NA,NA,NA,NA,NA,NA
BPBP6QFARW21,"地域別国際収支（四半期）（6版基準）","金融/証券投資/株式・投資ファンド持分/非分類/資産","億円",NA,NA,NA,NA,NA,NA,NA,NA,NA
BPBP6QFLRW21,"地域別国際収支（四半期）（6版基準）","金融/証券投資/株式・投資ファンド持分/非分類/負債","億円",NA,NA,NA,NA,NA,NA,NA,NA,NA
BPBP6QFARW22,"地域別国際収支（四半期）（6版基準）","金融/証券投資/債券/非分類/資産","億円",NA,NA,NA,NA,NA,NA,NA,NA,NA
BPBP6QFLRW22,"地域別国際収支（四半期）（6版基準）","金融/証券投資/債券/非分類/負債","億円",NA,NA,NA,NA,NA,NA,NA,NA,NA
BPBP6QFBOE1,"地域別国際収支（四半期）（6版基準）","金融/直接投資/OECD諸国/ネット","億円",53673.07820193,57123.49650138,58299.44488786,51558.38430187,43710.56303773,60574.61297127,46015.65941636,47281.56999466,35397.47827318
BPBP6QFAOE1,"地域別国際収支（四半期）（6版基準）","金融/直接投資/OECD諸国/資産","億円",42191.70846885,68432.88913449,61746.94355375,63982.24946893,47530.73736704,70650.7848723,46564.05180721,74931.66816963,59821.09822953
BPBP6QFLOE1,"地域別国際収支（四半期）（6版基準）","金融/直接投資/OECD諸国/負債","億円",-11481.36973308,11309.3926331,3447.49866588,12423.86516706,3820.17432932,10076.17190103,548.39239085,27650.09817497,24423.61995635
BPBP6QFBOE2,"地域別国際収支（四半期）（6版基準）","金融/証券投資/OECD諸国/ネット","億円",-37738.74598646,-76412.29912676,221384.54270216,-148005.83946479,-3063.66963657,-80559.97046763,-44421.2108817,-168891.54139814,-85281.98244317
BPBP6QFAOE2,"地域別国際収支（四半期）（6版基準）","金融/証券投資/OECD諸国/資産","億円",31208.26627706,-40317.10682102,108071.52519744,-83826.75388696,81559.23418052,50792.54509107,54557.00490882,-18908.79183237,-31922.85082106
BPBP6QFLOE2,"地域別国際収支（四半期）（6版基準）","金融/証券投資/OECD諸国/負債","億円",68947.01226352,36095.19230575,-113313.01750472,64179.08557784,84622.90381708,131352.5155587,98978.21579052,149982.74956577,53359.1316221
BPBP6QFAOE21,"地域別国際収支（四半期）（6版基準）","金融/証券投資/株式・投資ファンド持分/OECD諸国/資産","億円",-19999.94728162,-22108.90032644,28702.22144439,-28757.6133906,41609.43171826,10900.41512997,-4884.64464297,-18424.62690004,31752.01856769
BPBP6QFLOE21,"地域別国際収支（四半期）（6版基準）","金融/証券投資/株式・投資ファンド持分/OECD諸国/負債","億円",11961.95015,41390.37303,-65274.6139876,12040.55728,-40688.79223,57418.6345,-13423.17954587,55401.9485,-23199.7024674
BPBP6QFAOE22,"地域別国際収支（四半期）（6版基準）","金融/証券投資/債券/OECD諸国/資産","億円",51208.21355868,-18208.20649458,79369.30375305,-55069.14049636,39949.80246225,39892.1299611,59441.64955179,-484.16493233,-63674.86938875
BPBP6QFLOE22,"地域別国際収支（四半期）（6版基準）","金融/証券投資/債券/OECD諸国/負債","億円",56985.06211352,-5295.18072425,-48038.40351712,52138.52829784,125311.69604708,73933.8810587,112401.39533639,94580.80106577,76558.8340895
BPBP6QFBAA1,"地域別国際収支（四半期）（6版基準）","金融/直接投資/ASEAN/ネット","億円",13417.08220585,6307.68962962,6829.9433931,8364.33850413,3334.31870182,11306.13672663,5918.54010564,3414.88603567,3936.82224109
BPBP6QFAAA1,"地域別国際収支（四半期）（6版基準）","金融/直接投資/ASEAN/資産","億円",14741.38957508,7667.82562872,9027.21962331,8053.22892254,7268.29209924,12514.49393307,7491.57212331,9452.07636937,5900.97909962
BPBP6QFLAA1,"地域別国際収支（四半期）（6版基準）","金融/直接投資/ASEAN/負債","億円",1324.30736923,1360.1359991,2197.27623021,-311.10958159,3933.97339742,1208.35720645,1573.03201768,6037.19033371,1964.15685853
BPBP6QFBAA2,"地域別国際収支（四半期）（6版基準）","金融/証券投資/ASEAN/ネット","億円",518.77675727,-9417.42289308,2827.19240988,7766.39517498,6020.92628496,8453.7616945,485.21683456,-4940.32560771,-22687.05944371
BPBP6QFAAA2,"地域別国際収支（四半期）（6版基準）","金融/証券投資/ASEAN/資産","億円",671.65812727,-1759.06798228,170.89845988,-892.21166502,760.68362496,-1994.0294155,-98.72604904,-700.49309771,-782.51952371
BPBP6QFLAA2,"地域別国際収支（四半期）（6版基準）","金融/証券投資/ASEAN/負債","億円",152.88137,7658.3549108,-2656.29395,-8658.60684,-5260.24266,-10447.79111,-583.9428836,4239.83251,21904.53992
BPBP6QFAAA21,"地域別国際収支（四半期）（6版基準）","金融/証券投資/株式・投資ファンド持分/ASEAN/資産","億円",24.91497943,-273.03375012,450.63710524,-661.59901103,214.45676,100.00085354,876.08861,-341.63537691,258.33683557
BPBP6QFLAA21,"地域別国際収支（四半期）（6版基準）","金融/証券投資/株式・投資ファンド持分/ASEAN/負債","億円",1957.75414,2877.5216408,2562.95242,1832.12765,-11031.06406,5914.75448,2053.49102,5021.27047,5152.78136
BPBP6QFAAA22,"地域別国際収支（四半期）（6版基準）","金融/証券投資/債券/ASEAN/資産","億円",646.74314784,-1486.03423216,-279.73864536,-230.61265399,546.22686496,-2094.03026904,-974.81465904,-358.8577208,-1040.85635928
BPBP6QFLAA22,"地域別国際収支（四半期）（6版基準）","金融/証券投資/債券/ASEAN/負債","億円",-1804.87277,4780.83327,-5219.24637,-10490.73449,5770.8214,-16362.54559,-2637.4339036,-781.43796,16751.75856
BPBP6QFBEU1,"地域別国際収支（四半期）（6版基準）","金融/直接投資/EU/ネット","億円",1007.45258925,9362.48315235,18752.4779424,15641.93896823,2415.39036682,17373.81408821,7983.27227059,9580.6873036,2724.98591806
BPBP6QFAEU1,"地域別国際収支（四半期）（6版基準）","金融/直接投資/EU/資産","億円",3006.52803211,14642.14633471,20683.40760554,20517.20679,3059.52934168,19854.1429356,13220.95162442,9994.43174633,5938.79586944
BPBP6QFLEU1,"地域別国際収支（四半期）（6版基準）","金融/直接投資/EU/負債","億円",1999.07544286,5279.66318235,1930.92966314,4875.26782177,644.13897486,2480.32884739,5237.67935383,413.74444273,3213.80995138
BPBP6QFBEU2,"地域別国際収支（四半期）（6版基準）","金融/証券投資/EU/ネット","億円",125803.94084864,204512.88624506,183814.75116637,37432.79634057,128632.14986339,180074.60541526,110002.56916134,48168.69870976,133182.51235176
BPBP6QFAEU2,"地域別国際収支（四半期）（6版基準）","金融/証券投資/EU/資産","億円",-8314.54917232,-21838.47176517,-8705.17963282,-47857.43251887,23364.45831539,8424.71329778,10646.8469426,-14196.5068183,-5465.54905021
BPBP6QFLEU2,"地域別国際収支（四半期）（6版基準）","金融/証券投資/EU/負債","億円",-134118.49002096,-226351.35801023,-192519.93079919,-85290.22885944,-105267.691548,-171649.89211748,-99355.72221874,-62365.20552806,-138648.06140197
BPBP6QFAEU21,"地域別国際収支（四半期）（6版基準）","金融/証券投資/株式・投資ファンド持分/EU/資産","億円",-5333.98253052,-2209.3936049,5416.14216537,-2675.5409826,2220.79957097,6628.5344458,-490.20285028,-687.41406852,4578.8870007
BPBP6QFLEU21,"地域別国際収支（四半期）（6版基準）","金融/証券投資/株式・投資ファンド持分/EU/負債","億円",-1079.36,3944.193,-6645.6954976,5610.7787,-5602.72862,-433.27714,230.85,9121.47728,-652.3275794
BPBP6QFAEU22,"地域別国際収支（四半期）（6版基準）","金融/証券投資/債券/EU/資産","億円",-2980.5666418,-19629.07816027,-14121.32179819,-45181.89153627,21143.65874442,1796.17885198,11137.04979288,-13509.09274978,-10044.43605091
BPBP6QFLEU22,"地域別国際収支（四半期）（6版基準）","金融/証券投資/債券/EU/負債","億円",-133039.13002096,-230295.55101023,-185874.23530159,-90901.00755944,-99664.962928,-171216.61497748,-99586.57221874,-71486.68280806,-137995.73382257
BPBP6QFBEE1,"地域別国際収支（四半期）（6版基準）","金融/直接投資/東欧・ロシア等/ネット","億円",477.24802212,312.48534147,52.22423885,460.65399953,418.67383636,549.86881369,562.74293866,1030.69504927,-890.63422157
BPBP6QFAEE1,"地域別国際収支（四半期）（6版基準）","金融/直接投資/東欧・ロシア等/資産","億円",512.54802212,348.75315147,52.22423885,508.67688973,419.85140636,382.71009819,545.42693866,530.98270127,-889.27674317
BPBP6QFLEE1,"地域別国際収支（四半期）（6版基準）","金融/直接投資/東欧・ロシア等/負債","億円",35.3,36.26781,NA,48.0228902,1.17757,-167.1587155,-17.316,-499.712348,1.3574784
BPBP6QFBEE2,"地域別国際収支（四半期）（6版基準）","金融/証券投資/東欧・ロシア等/ネット","億円",14368.83428379,25146.70837359,15740.98238959,7337.65985139,6852.80346816,1530.85376696,3335.68881696,2637.88244696,2629.90610869
BPBP6QFAEE2,"地域別国際収支（四半期）（6版基準）","金融/証券投資/東欧・ロシア等/資産","億円",574.05428379,356.59837359,189.79238959,719.83985139,626.69346816,563.35376696,445.13881696,756.02484696,-6.90689131
BPBP6QFLEE2,"地域別国際収支（四半期）（6版基準）","金融/証券投資/東欧・ロシア等/負債","億円",-13794.78,-24790.11,-15551.19,-6617.82,-6226.11,-967.5,-2890.55,-1881.8576,-2636.813
BPBP6QFAEE21,"地域別国際収支（四半期）（6版基準）","金融/証券投資/株式・投資ファンド持分/東欧・ロシア等/資産","億円",-37.26423,-32.1874736,-7.28292,-64.94061,-6.54106,138.04785,-21.24705,-7.52445,25.2135
BPBP6QFLEE21,"地域別国際収支（四半期）（6版基準）","金融/証券投資/株式・投資ファンド持分/東欧・ロシア等/負債","億円",-0.36,0.12,-0.02,-0.44,-0.01,0.15,-0.14,4.2424,0.26
BPBP6QFAEE22,"地域別国際収支（四半期）（6版基準）","金融/証券投資/債券/東欧・ロシア等/資産","億円",611.31851379,388.78584719,197.07530959,784.78046139,633.23452816,425.30591696,466.38586696,763.54929696,-32.12039131
BPBP6QFLEE22,"地域別国際収支（四半期）（6版基準）","金融/証券投資/債券/東欧・ロシア等/負債","億円",-13794.42,-24790.23,-15551.17,-6617.38,-6226.1,-967.65,-2890.41,-1886.1,-2637.073